"ID","Language","AtLeastOneOpenResponse","COVIDStatus5","COVIDStatus4","COVIDStatus3","COVIDStatus2","COVIDStatus1","COVIDStatus0","Isolation","FR3","FR2","FR1","FR5","FR6","FR4","FR8","FR9","FR7","FR10","DP2","DP1","DP5","DP4","DP3","Erg2","Erg6","Erg4","Erg5","Erg3","Erg1","OS21","OS3","OS22","OS17","OS5","OS12","OS16","OS6","OS14","OS15","OS11","OS8","OS2","OS4","OS13","OS18","OS20","OS19","OS1","OS9","OS7","OS10","WHO5B3","WHO5B4","WHO5B5","WHO5B2","WHO5B1","WHO5S2","WHO5S3","WHO5S5","WHO5S1","WHO5S4","HPQB1","HPQB7","HPQB3","HPQB6","HPQB5","HPQB4","HPQB2","HPQB8","HPQS1","HPQS4","HPQS6","HPQS3","HPQS5","HPQS2","HPQS7","HPQS8","PerformanceOthers","PerB1item","PerS1item","RolesIncludeDeveloper","YearsOfExperience","YearsOfWorkFromHomeExperience","Fulltime","Coinhabitants","Children","Age","Gender","Country","Education","OrganizationSize","Disabilities","Timestamp"
1,"French",1,0,0,0,0,0,1,2,0,-1,-1,0,-1,-1,1,1,-1,0,0,2,4,4,-99,2,1,2,2,3,-2,"helpful","yes",,,"both","yes",,"both",,,"both",,,,,"helpful",,"helpful","both",,,,4,4,4,5,4,5,3,3,4,5,1,0,2,1,2,3,2,0,2,3,2,3,3,2,0,0,8,8,6,1,3,0,1,2,0,3,"Male","Belgium",3,3,0,2020-04-08 15:55:46
2,"French",1,0,0,0,0,0,1,2,0,-1,-1,1,-1,1,1,1,-1,0,3,3,4,3,0,3,2,3,2,3,1,"both","helpful","both","both","both","yes",,"both",,,"both","helpful",,"helpful",,"both","helpful","both","helpful","both","helpful",,3,3,4,4,4,5,4,4,4,4,1,0,0,1,1,1,1,0,1,1,2,2,1,2,1,-1,7,7,6,1,2.5,2,1,2,0,3,"Male","Belgium",3,2,0,2020-04-08 16:00:16
3,"French",0,0,0,0,0,0,1,3,1,0,1,0,-1,0,1,1,-1,,2,3,0,4,1,3,-1,3,3,3,2,,"yes",,,,"yes",,,,,,,"yes","yes",,"yes",,,,"yes","yes",,4,4,3,3,4,4,2,1,4,3,3,0,1,1,0,1,1,2,2,2,2,2,1,1,2,1,6,8,7,0,3,0,1,2,0,2,"Male","Belgium",3,4,0,2020-04-08 16:00:58
4,"French",1,0,0,0,0,1,0,3,1,1,1,1,-1,1,0,1,-1,2,0,4,3,4,4,1,-2,3,-2,1,-3,,"both","both",,"helpful","both",,"both","yes",,"both","both","both",,,,"both",,"both","both","helpful",,5,5,5,4,4,1,1,3,3,1,3,3,1,2,2,2,1,2,1,3,4,3,3,3,4,-1,8,8,3,0,1,0,0,4,0,2,"Male","Belgium",3,1,0,2020-04-08 16:05:23
5,"French",1,0,0,0,0,0,1,2,1,0,1,-1,-1,1,-1,1,-1,0,2,3,4,4,2,2,-3,2,-2,-2,-3,"helpful",,"both","yes","helpful","both",,"helpful","helpful",,,"helpful","helpful","yes","helpful","both",,,"helpful","both","yes",,5,3,4,3,4,0,0,1,2,0,3,2,0,2,1,1,1,1,1,3,4,3,4,3,3,-1,7,9,4,1,2,0,1,4,0,3,"Female","Belgium",3,4,0,2020-04-08 16:06:19
6,"French",1,0,0,0,0,0,1,2,1,0,-1,0,-1,1,1,1,0,0,0,4,2,4,0,2,-1,-1,1,2,1,"helpful","yes","yes","helpful","helpful",,,"yes",,"helpful","helpful","helpful","yes","helpful","yes","yes","yes","yes","yes",,"yes","helpful",,4,3,3,,3,1,1,4,4,0,0,0,3,0,1,2,0,0,1,2,0,0,2,0,0,5,7,6,1,1,0,1,5,0,3,"Male","Belgium",2,3,0,2020-04-08 16:07:28
7,"French",1,0,0,0,0,0,1,2,1,-1,1,1,-1,-1,1,1,-1,0,3,1,3,4,3,-2,3,2,3,2,1,"yes","helpful","yes","yes","helpful","yes",,"helpful",,"helpful","helpful",,"helpful","helpful","yes",,"yes","yes","yes","yes","helpful","helpful",4,4,4,3,5,2,3,2,5,3,2,2,2,3,1,1,1,1,1,2,2,1,2,2,3,2,6,8,9,1,2,0,1,3,0,3,"Male","Belgium",3,5,0,2020-04-08 16:09:01
8,"French",1,0,0,0,0,0,1,2,-1,-1,-1,0,-1,-1,1,1,1,0,-99,0,3,4,4,3,3,3,3,3,2,,,"yes","yes",,"yes",,,,,"yes",,"helpful","helpful","yes","yes","yes","yes","yes","yes","helpful","yes",4,4,5,5,4,4,4,5,5,5,2,0,0,0,0,0,1,1,2,0,1,1,0,1,0,2,8,6,8,1,1.5,1,1,2,0,2,"Male","Belgium",3,4,0,2020-04-08 16:15:57
9,"French",0,0,0,0,0,0,1,2,1,-1,-1,0,-1,-1,1,1,-1,0,2,3,4,3,0,3,2,1,-2,2,2,,"yes",,"yes","yes",,,"yes",,,"yes","helpful",,"helpful",,"yes","yes","yes","yes","yes","helpful",,3,1,3,2,3,4,3,4,3,2,2,0,2,2,1,2,2,0,2,1,1,1,1,1,0,1,6,6,7,1,1,0,1,2,0,2,"Male","Belgium",3,4,0,2020-04-08 16:16:21
10,"French",0,0,0,0,0,1,0,2,1,-1,0,1,-1,0,1,1,0,0,2,3,2,3,0,2,2,2,2,2,2,,,"yes",,"yes","yes",,"yes",,,"yes","yes",,,"yes","yes","yes","yes","yes","yes","yes",,4,3,4,3,4,3,3,4,4,4,3,1,1,2,1,1,1,0,2,1,2,1,2,2,0,0,8,7,7,1,3,3,1,6,0,3,"Male","Belgium",3,2,0,2020-04-08 16:32:42
11,"French",1,0,0,0,0,0,1,2,0,-1,-1,0,-1,-1,1,1,-1,0,3,1,2,4,2,-1,1,2,-3,1,-1,"yes","yes","yes","both","yes","yes",,"yes",,,"yes","helpful",,"helpful","yes","yes","yes","yes","yes","yes","helpful",,3,2,3,3,2,3,2,4,2,2,2,1,2,2,2,2,2,0,2,2,2,2,3,2,2,-1,7,8,6,1,2,0,1,2,0,2,"Male","Belgium",3,4,0,2020-04-08 16:33:54
12,"French",1,0,0,0,0,0,1,1,1,1,0,1,-1,0,1,1,1,0,0,1,4,3,0,2,-3,-3,-1,1,-3,,,"both","helpful","helpful","helpful",,"helpful","helpful",,,"helpful","helpful","helpful",,"both","both","both","both","both","helpful",,5,4,5,4,5,3,1,3,3,1,2,0,0,1,0,1,1,1,2,2,3,2,3,2,2,-1,9,9,7,1,1,0,1,2,0,3,"Male","Belgium",3,4,0,2020-04-08 16:39:41
13,"French",1,0,0,0,0,0,1,2,1,-1,-1,1,-1,-1,1,1,-1,0,0,4,4,4,1,3,1,1,3,2,-2,"helpful","yes","yes","yes",,,,"yes",,,"yes",,"helpful","helpful",,"yes","yes","yes","yes","yes",,,2,0,3,3,3,3,3,3,3,2,2,0,2,2,2,2,2,0,2,2,2,2,2,2,0,0,7,7,7,1,2,0,1,2,0,2,"Male","Belgium",3,4,0,2020-04-08 16:45:59
14,"French",1,0,0,0,1,0,0,2,0,-1,-1,1,0,-1,1,1,1,0,4,4,4,4,3,1,-1,-1,-2,1,1,"helpful","yes","helpful","helpful","yes",,"helpful","yes","helpful","helpful","yes","helpful","yes","yes","yes","yes","helpful","helpful","yes","yes","yes",,5,3,5,4,4,5,5,5,4,5,2,2,2,2,2,2,2,0,2,2,2,2,2,2,2,0,8,8,9,0,9,3,1,6,2,5,"Male","Belgium",3,4,0,2020-04-08 16:52:53
15,"French",1,0,0,0,0,0,1,2,0,-1,0,-1,-1,-1,1,1,-1,0,0,4,4,4,3,2,3,2,-1,3,1,,,"both","yes","helpful",,,"both",,,"both","helpful","helpful","helpful",,"both","both","both","both","both","helpful",,4,2,4,4,4,5,3,2,4,4,3,0,0,1,0,1,1,2,3,2,2,1,1,1,0,1,6,8,7,1,2,0,1,2,0,3,"Male","Belgium",3,4,0,2020-04-08 17:00:22
16,"French",1,0,0,0,0,1,0,2,1,-1,-1,0,-1,-1,0,1,-1,1,2,3,3,4,2,2,1,3,1,3,1,"yes","yes","yes","helpful","yes","helpful","helpful","yes","helpful","helpful","yes","yes","helpful","helpful","helpful","yes","yes","yes","helpful","helpful","yes","yes",4,3,3,4,3,4,4,3,4,5,3,0,3,2,1,2,1,1,3,1,1,3,1,1,0,1,8,8,9,1,4,0,1,2,0,3,"Male","Belgium",3,3,0,2020-04-08 17:08:14
17,"French",0,0,0,0,1,0,0,2,1,-1,0,1,-1,0,1,1,-1,0,2,4,4,4,3,3,3,3,1,1,2,,"yes",,"yes","yes","yes",,"yes",,,"yes",,,"yes","yes","yes",,,,"yes","yes",,4,4,4,4,4,4,4,4,4,3,3,0,2,2,2,0,0,1,3,0,1,2,0,0,0,1,6,6,7,1,1,0,1,3,0,2,"Male","Belgium",3,3,0,2020-04-08 17:11:34
18,"French",1,0,0,0,0,0,1,2,1,0,0,1,-1,0,1,1,-1,2,4,3,3,4,2,2,3,3,3,3,2,,,"yes",,,"yes",,,,,"helpful","helpful",,"yes",,"yes","yes","yes",,"yes",,,2,2,3,2,3,2,3,3,2,3,,1,0,1,1,0,,1,2,0,0,0,0,0,1,1,7,8,9,0,29,7,0,3,0,8,"Female","Belgium",2,3,0,2020-04-08 17:41:37
19,"French",1,0,0,0,0,0,1,2,1,0,1,-1,-1,1,1,1,-1,0,0,4,4,4,1,2,3,3,2,2,-2,,"both","both",,,,,,"helpful","helpful",,"helpful","helpful","helpful",,"both",,"both","helpful","both","both",,3,1,2,4,4,4,2,3,4,4,2,0,2,2,2,3,1,-1,1,3,3,1,3,2,2,-2,7,4,3,0,2.5,2,1,3,1,3,"Male","Belgium",3,4,0,2020-04-08 17:45:07
20,"French",0,0,0,0,0,0,1,2,0,-1,1,-1,-1,0,1,1,-1,0,0,3,4,3,2,3,2,3,1,3,1,,"both",,,,"both","both",,,,,,"both",,,"both",,,,"both","helpful",,2,2,3,4,4,4,4,3,4,4,1,0,1,2,1,1,1,1,2,1,2,1,0,1,0,1,6,7,7,1,5,2,1,1,0,3,"Male","Belgium",3,3,0,2020-04-08 17:55:02
21,"French",1,0,0,0,0,0,1,3,0,-1,-1,-1,-1,-1,1,1,-1,,3,0,4,3,-99,3,1,3,2,3,2,"helpful","both","both","helpful","both","yes",,"helpful",,"helpful","yes",,,"both",,"both","helpful","both","both","both","both","helpful",3,5,4,3,3,4,4,3,5,5,4,0,0,2,0,2,0,2,3,2,1,0,0,2,0,1,6,7,7,1,10,3,1,2,0,4,"Male","Belgium",3,4,0,2020-04-08 18:09:26
22,"French",1,0,0,0,0,1,0,2,0,0,-1,1,-1,0,1,1,-1,0,0,3,4,-99,2,2,-2,2,2,-2,-2,,"helpful",,"helpful","yes","yes",,"yes",,,"yes","helpful","helpful","helpful",,"helpful","helpful",,,"yes",,,3,2,3,4,4,4,2,3,4,4,1,1,3,2,3,1,2,0,1,3,3,3,3,3,0,-2,3,6,4,1,4,0,1,1,0,3,"Male","Belgium",3,4,0,2020-04-08 18:15:18
23,"French",1,0,0,0,0,0,1,2,1,-1,1,1,-1,1,1,1,-1,0,2,3,4,4,2,3,1,3,2,3,-1,"helpful","both",,"helpful","both",,"helpful","helpful",,"helpful","both","helpful",,"helpful",,,"helpful",,"both",,"helpful",,4,4,4,3,4,2,4,4,4,2,2,2,1,1,1,1,2,0,2,1,2,2,1,2,2,0,6,6,6,1,0,0,1,2,0,2,"Female","Belgium",3,1,0,2020-04-08 18:18:10
24,"French",1,0,0,0,0,0,1,2,-1,-1,-1,-1,-1,-1,1,1,-1,0,-99,2,4,4,4,3,3,3,3,3,-1,"helpful","helpful","both",,"both","both",,,,,,"helpful",,"helpful","both","both","both","helpful",,"both",,,4,5,5,4,5,5,2,0,1,2,4,0,3,2,1,1,0,0,2,2,2,2,2,2,2,1,5,5,3,1,5,0,1,3,0,2,"Male","Belgium",3,1,0,2020-04-08 18:23:34
25,"French",0,0,0,1,0,0,0,2,0,-1,-1,-1,-1,-1,1,1,1,1,3,2,4,4,0,2,3,2,3,3,-1,"both",,"yes","helpful","both","both",,"both",,,"both",,"helpful","both",,"both","both","both",,"both","both",,4,3,4,4,4,5,4,4,4,5,2,0,1,2,1,1,1,0,2,0,0,1,1,1,0,1,8,7,8,1,2,2,1,3,1,3,"Male","Belgium",3,3,0,2020-04-08 18:24:31
26,"French",0,0,0,0,0,0,1,2,0,-1,0,1,-1,0,1,1,1,,-99,3,3,3,-99,2,2,2,2,2,2,"yes","yes","yes","helpful","helpful","yes","helpful",,,"helpful","yes",,,,"yes","yes","helpful","helpful","helpful","yes","yes",,3,2,4,2,3,4,4,2,4,4,3,1,2,1,1,1,1,2,1,1,1,1,1,1,1,2,6,8,8,0,10,5,1,2,0,5,"Male","Belgium",3,1,0,2020-04-08 18:47:06
27,"French",0,0,0,0,0,0,1,2,1,-1,-1,1,-1,1,1,1,-1,0,4,4,4,4,2,3,2,3,1,2,1,"helpful","helpful","yes","helpful","yes","yes","helpful","yes","helpful","helpful","yes","helpful","helpful","helpful","yes","yes","helpful","yes","yes","yes","yes","yes",4,4,4,4,4,4,3,3,3,4,2,1,1,1,1,1,1,2,3,2,1,1,2,1,1,2,9,9,8,0,5,3,1,2,0,3,"Female","Belgium",3,3,0,2020-04-08 18:47:50
28,"French",1,0,0,0,0,0,1,2,0,0,0,1,-1,0,1,1,-1,0,0,4,4,4,3,-1,3,3,3,3,-1,"yes","yes","yes","helpful","yes","yes","yes","yes","helpful","helpful","yes","yes","both","yes","yes","yes","yes","yes","yes","yes","yes","helpful",4,4,5,4,5,4,3,5,4,3,2,1,0,2,0,2,1,0,0,0,2,2,0,0,0,0,9,9,7,1,12,12,0,5,3,5,"Female","Belgium",2,4,0,2020-04-08 18:54:21
29,"French",1,0,0,1,0,0,0,2,1,0,0,1,0,0,1,1,-1,0,2,4,4,4,2,1,1,3,2,3,2,,"both","both","helpful","yes","both",,"both",,"helpful","both","both",,"helpful","both","both","both","both","both","both","both",,3,3,4,4,4,3,4,3,3,4,3,0,1,1,0,1,1,2,2,1,2,2,1,1,0,1,7,9,8,1,3,0,1,3,0,3,"Male","Belgium",3,4,0,2020-04-08 19:00:12
30,"French",1,0,0,1,0,0,0,2,1,0,1,0,0,1,0,1,-1,0,0,4,3,3,0,3,-3,2,-2,-2,1,,,"helpful",,"both","both",,"both",,,"both","both",,"yes","helpful",,,,"helpful","both","helpful",,2,3,4,3,4,4,1,1,4,3,0,0,2,1,2,2,0,-1,0,2,1,2,1,0,2,0,6,7,6,0,,0,1,1,0,3,"Male","France",4,3,0,2020-04-08 19:03:00
31,"French",1,0,0,1,0,1,0,2,1,-1,1,-1,-1,1,1,1,-1,1,4,4,4,4,3,3,2,3,2,2,3,"yes","yes","yes","helpful","yes","yes",,"yes",,"helpful","yes","yes","yes","helpful",,"yes","yes","yes","yes","yes","yes","helpful",3,2,5,4,4,3,3,1,3,4,3,0,0,1,2,2,1,2,3,1,2,1,1,1,2,2,4,8,8,0,9,9,1,2,0,4,"Male","Belgium",4,2,0,2020-04-08 19:14:08
32,"French",0,0,0,0,0,0,1,2,-1,-1,0,1,1,1,1,1,-1,4,0,4,2,3,2,3,1,3,3,3,-1,"helpful","yes",,"yes","yes","yes","yes","yes",,,"yes","both","helpful","helpful",,,,"helpful","yes","yes","both",,2,0,3,1,2,3,3,3,3,3,1,1,4,4,4,4,4,-2,2,2,1,2,1,2,1,0,9,5,7,1,5,0,0,1,0,3,"Male","Belgium",2,3,2,2020-04-08 19:37:28
33,"French",1,0,0,0,1,0,0,3,1,-1,0,1,-1,1,1,1,-1,0,4,4,4,4,0,2,2,2,2,2,2,,"yes","yes","yes","helpful","yes",,"yes",,,"yes",,,,,"yes","yes","yes","yes","yes",,,4,4,4,4,4,2,2,5,5,2,0,2,3,2,1,2,3,0,0,2,3,3,0,3,3,0,5,4,4,1,10,0,0,4,2,4,"Female","Belgium",3,4,0,2020-04-08 19:45:01
34,"French",1,0,0,0,0,0,1,2,0,-1,-1,0,-1,0,1,1,-1,0,1,3,3,4,1,1,2,2,2,1,2,,,"both",,"both","both",,"both",,,"both",,"helpful","helpful",,"both","both","both","both","both","helpful",,4,4,4,4,4,2,4,4,2,4,2,0,1,1,1,0,1,2,3,0,1,0,1,1,1,3,4,8,9,1,5,1,1,2,0,4,"Male","Belgium",3,3,0,2020-04-08 20:38:36
35,"French",1,0,0,0,1,0,0,2,1,-1,0,0,-1,0,1,1,-1,0,3,4,4,3,2,-1,-1,3,2,2,-2,"yes","both","yes","helpful","yes",,"helpful","yes",,,"yes","helpful","yes",,,"both",,"yes","yes","yes","yes",,3,3,4,2,3,2,3,3,2,4,2,0,1,1,1,1,1,1,1,3,3,2,3,2,1,0,8,8,6,0,2,2,1,4,0,3,"Female","Belgium",3,4,0,2020-04-08 20:38:49
36,"French",1,0,0,0,0,1,0,2,1,-1,-1,-1,-1,-1,1,1,-1,0,0,3,0,4,0,2,2,1,2,1,2,,,,,"yes","yes",,"yes",,,"yes",,,,,"yes",,,"yes","yes","yes",,4,4,4,4,4,4,3,3,4,3,1,1,1,1,1,1,1,0,1,1,2,2,1,2,1,-1,7,8,6,1,2,0,1,1,0,3,"Male","France",3,4,0,2020-04-08 20:44:42
37,"French",1,0,0,1,0,0,0,2,1,0,0,0,-1,0,1,1,-1,0,2,3,4,4,2,-1,1,3,3,1,1,"both","both","both","both","both","both",,"both",,,"both","helpful","both","both",,"both","both","both","both","both","both",,3,3,4,3,3,4,4,5,4,5,2,0,0,1,1,0,1,1,2,1,1,1,1,1,1,1,7,7,8,1,2,0,1,2,0,3,"Male","Belgium",3,2,0,2020-04-08 21:14:08
38,"French",1,0,0,0,1,0,0,2,0,-1,0,-1,-1,-1,1,1,-1,0,2,4,4,4,1,3,2,3,1,3,3,,,"both","both",,"both",,,,,"both",,,,,"both",,"both","both","both",,,3,3,4,4,3,4,4,4,4,4,3,1,1,2,1,1,1,2,3,0,1,0,1,1,1,2,7,8,8,1,10,4,1,2,0,4,"Male","Belgium",3,1,0,2020-04-08 21:16:05
39,"French",1,0,0,0,0,0,1,2,1,-1,-1,-1,-1,0,-1,1,-1,0,2,4,3,4,1,2,-1,3,3,3,2,"yes","helpful","yes","helpful","helpful","yes","helpful","helpful","helpful","helpful","yes","helpful","helpful","helpful","yes","yes","yes","yes","helpful","yes","helpful",,4,4,4,5,4,5,4,2,3,5,3,1,0,1,0,0,1,1,2,1,2,0,1,2,1,0,7,8,6,1,2,1,1,2,0,3,"Male","Belgium",3,1,0,2020-04-08 21:41:09
40,"French",0,0,0,0,0,0,1,2,1,-1,0,1,0,-1,1,1,-1,0,4,3,3,3,4,-1,2,3,2,2,-1,,"both","both","helpful","both","both",,"both",,,"helpful","yes","both","both",,"both",,,"both","both","both",,3,4,3,3,3,2,2,4,2,3,3,0,2,2,1,0,2,1,2,0,3,2,2,2,0,0,6,8,6,1,1,1,1,2,0,3,"Male","Belgium",3,2,0,2020-04-08 21:49:37
41,"French",0,0,0,0,0,0,1,2,1,-1,-1,0,-1,-1,1,1,1,0,3,4,3,4,2,1,1,3,2,1,-1,"yes","yes","yes","helpful","yes","yes","helpful","yes","helpful","helpful","yes","helpful","helpful","helpful","helpful","yes","yes","helpful","yes","helpful","helpful","yes",3,3,4,5,4,5,4,4,4,4,3,0,0,1,1,2,0,1,3,1,1,0,0,0,0,2,7,8,8,1,8,3,1,4,2,4,"Male","Belgium",3,1,0,2020-04-09 10:06:26
42,"French",1,0,0,0,1,0,0,2,1,-1,1,1,-1,0,1,1,1,0,4,1,0,4,2,-1,-2,2,1,-1,-3,"helpful","helpful","yes","helpful","yes","yes",,"yes","helpful","helpful","yes","yes","helpful","yes",,"yes","yes",,"helpful","yes","yes",,2,1,4,3,3,0,1,3,1,1,2,0,1,2,2,3,2,2,1,3,4,1,4,2,1,0,5,10,7,1,5,3,1,3,1,3,"Male","Belgium",3,6,0,2020-04-09 10:47:09
43,"French",1,0,0,0,0,0,1,1,1,-1,0,1,-1,1,-1,1,1,0,4,4,2,4,3,3,3,3,3,3,3,,,,,,"yes",,"yes",,,,,,,,"yes","yes","yes","yes","yes","yes",,2,1,4,3,3,5,4,3,3,5,2,1,2,2,2,1,1,1,1,2,3,2,0,2,0,0,6,7,5,1,3,0,1,2,0,3,"Male","Belgium",3,4,0,2020-04-09 05:58:08
44,"French",1,0,0,0,0,0,1,2,1,-1,-1,0,-1,0,1,1,-1,2,-99,3,4,4,3,-1,-1,3,1,3,-3,"yes","yes",,,"yes","yes",,"yes",,,,"yes",,,,,,,"yes","yes",,,4,4,4,4,4,2,2,3,3,2,1,0,1,2,1,2,3,0,2,1,3,1,2,2,0,0,8,8,7,0,16,4,1,3,1,5,"Male","Belgium",3,4,0,2020-04-09 06:33:58
45,"French",1,0,0,0,1,0,0,2,0,-1,-1,-1,-1,-1,0,1,0,1,4,1,4,3,0,-1,-1,2,3,-1,-3,,"both","both","helpful","both","yes","helpful","both",,"yes","both","helpful","both","helpful",,"both",,"helpful",,"both","helpful","helpful",3,1,3,3,3,2,2,2,3,2,1,0,2,2,2,0,1,0,2,0,3,2,1,2,0,-1,5,5,3,1,2,2,1,2,0,3,"Male","Belgium",3,4,0,2020-04-09 06:36:20
46,"French",0,0,0,0,0,0,1,2,0,0,-1,0,-1,0,1,1,-1,0,1,3,3,3,2,1,1,1,1,2,-1,"helpful","helpful","yes","yes","yes","yes","helpful","yes","helpful","helpful","helpful","helpful","helpful","helpful","yes","yes","yes","yes","yes","yes","yes",,3,3,3,3,4,4,3,4,3,4,2,0,1,2,1,1,1,0,2,1,2,2,1,1,1,0,7,8,7,1,4,1,1,1,0,3,"Male","Belgium",3,4,0,2020-04-09 07:25:39
47,"French",0,0,0,0,0,1,0,2,1,0,0,1,-1,0,0,1,-1,0,0,2,4,3,1,2,-2,3,1,3,-3,"helpful","yes","yes","helpful","helpful","yes","yes","yes",,,"yes","helpful","helpful","helpful","helpful","yes","yes","yes","helpful","yes","helpful",,5,4,5,5,5,4,3,0,4,3,,,1,,,,,,,,,,,,,,7,7,7,1,2,0,1,0,0,3,"Male","Belgium",3,4,0,2020-04-09 07:38:41
48,"French",1,0,0,0,0,1,0,3,1,0,0,1,-1,0,1,1,0,3,1,0,3,4,1,-1,-1,1,1,1,-1,,,"yes",,"yes","yes",,"yes",,,"yes","yes",,"helpful","yes","yes","yes","yes",,"yes","yes",,3,2,4,2,3,4,4,3,4,4,3,1,1,2,1,2,2,2,3,1,2,2,1,2,1,2,7,8,8,0,10,5,1,4,2,5,"Female","Belgium",3,4,0,2020-04-09 07:43:11
49,"French",1,0,0,0,0,0,1,2,1,-1,0,-1,-1,-1,0,1,-1,0,0,1,3,3,0,3,2,3,3,3,2,"helpful","yes","yes","helpful","yes","yes","helpful","yes","helpful","helpful","yes","helpful","helpful","helpful","yes","yes","yes","yes","yes","yes","yes","helpful",4,2,4,4,4,4,4,4,4,2,2,1,1,1,1,0,1,1,1,0,1,1,1,1,1,0,7,7,7,1,2,0,1,1,0,2,"Male","Belgium",0,4,0,2020-04-09 07:56:51
50,"French",0,0,0,0,0,0,1,2,-1,1,-1,-1,-1,-1,0,1,-1,0,3,3,2,3,0,2,-3,2,-2,2,-3,"helpful","helpful","helpful","helpful","helpful","yes","helpful","yes",,"helpful","yes","helpful","helpful","helpful","yes","yes","helpful","both","yes","yes","yes",,4,3,3,3,3,4,4,4,4,5,2,2,1,2,1,1,1,2,2,2,3,2,2,2,2,0,8,10,5,1,7,0,1,2,0,3,"Male","Belgium",3,3,0,2020-04-09 08:26:07
51,"French",1,0,0,0,0,0,1,2,0,-1,0,-1,-1,-1,1,1,-1,0,1,3,3,4,2,3,3,3,3,3,-1,"helpful","helpful",,,"both","both",,"both",,,"both",,"both","helpful","both","both","both","both","both","both","helpful",,3,3,4,4,4,3,3,4,3,3,1,0,1,1,1,2,1,1,2,2,2,2,3,2,1,-1,7,8,6,1,3,0.1,0,3,0,3,"Male","Belgium",3,3,0,2020-04-09 08:37:36
52,"French",1,0,0,0,0,1,0,2,0,-1,-1,-1,-1,-1,1,1,-1,0,0,2,1,4,0,3,2,2,3,3,1,"helpful",,,"yes",,"yes",,,,,"yes",,"helpful",,,"yes",,"helpful","helpful","yes","yes",,3,2,4,4,4,4,1,1,3,2,2,0,1,2,1,1,1,1,1,1,2,2,3,1,0,0,7,7,6,1,7,0,1,1,0,4,"Male","Luxembourg",3,4,0,2020-04-09 09:24:59
53,"French",0,0,0,0,0,0,1,2,0,0,0,0,-1,1,0,-1,1,,0,3,1,4,0,2,-2,-2,-2,1,1,"helpful","helpful","helpful","yes","helpful","yes","helpful","helpful","helpful","helpful","yes","helpful","helpful","helpful","yes","yes","helpful","helpful","helpful","yes","helpful","helpful",0,0,1,0,1,3,3,4,3,3,2,3,2,2,3,3,1,0,2,2,2,0,2,2,1,-1,5,5,5,1,2,0,1,2,0,4,"Male","France",3,6,0,2020-04-09 09:36:39
54,"French",1,0,0,0,0,0,1,3,0,-1,0,-1,-1,-1,1,1,0,0,2,4,4,4,3,3,1,3,-1,2,2,"yes",,"yes",,,"yes",,"yes",,,"yes",,"helpful","helpful","yes","yes","yes","yes","yes","yes","yes",,3,2,3,2,2,3,2,3,3,3,3,0,0,3,0,1,0,3,3,0,1,0,0,1,0,3,5,9,9,1,10,1,1,2,,4,"Male","France",3,2,0,2020-04-09 09:53:17
55,"French",0,0,0,0,0,0,1,2,1,-1,0,0,0,0,1,1,-1,0,3,2,3,3,0,2,2,2,2,2,1,"yes","helpful","yes","helpful","yes","yes","helpful","yes",,"helpful","helpful","yes",,"yes","yes","yes","yes","yes","yes","yes","yes","helpful",4,3,4,3,3,5,5,5,5,5,2,1,1,1,1,1,1,0,2,1,1,1,1,1,1,0,7,8,8,1,10,9,1,2,0,4,"Male","Belgium",3,2,0,2020-04-08 22:23:43
56,"French",1,0,0,1,0,0,0,2,1,-1,1,1,0,1,1,1,1,0,2,4,4,4,3,1,1,1,-2,2,-1,"yes","yes","yes","helpful","yes","yes","helpful","yes","helpful","helpful","yes","helpful","helpful","yes","yes","yes","yes","yes","helpful","yes","helpful","helpful",4,3,4,3,4,3,4,2,4,4,3,1,2,3,1,2,1,2,3,1,1,1,2,1,2,2,7,8,8,1,3,1,1,2,0,3,"Male","Belgium",3,2,0,2020-04-08 22:27:50
57,"French",0,0,0,0,0,0,1,2,-1,1,-1,-1,-1,-1,0,1,-1,0,3,3,2,3,0,2,-3,2,-2,2,-3,"helpful","helpful","helpful","helpful","helpful","yes","helpful","yes",,"helpful","yes","helpful","helpful","helpful","yes","yes","helpful","both","yes","yes","yes",,4,3,3,3,3,4,4,4,4,5,2,2,1,2,1,1,1,2,2,2,3,2,2,2,2,0,8,10,5,1,7,0,1,2,0,3,"Male","Belgium",3,3,0,2020-04-08 22:51:00
58,"French",1,0,0,0,1,1,0,2,1,0,0,1,-1,1,-1,1,1,3,0,-99,-99,3,-99,3,3,3,3,3,3,"yes","helpful","yes","yes",,"yes","yes","yes","helpful","helpful","yes","helpful","helpful","helpful","yes","yes","yes","yes","yes","yes","helpful",,1,0,2,2,2,5,5,5,5,5,2,1,4,3,3,1,3,0,4,0,1,0,1,1,1,2,7,9,9,1,2,0,1,5,0,3,"Male","Belgium",2,4,,2020-04-09 11:16:22
59,"French",1,0,0,0,0,0,1,2,0,0,0,0,-1,0,1,1,-1,0,3,4,4,4,3,3,3,3,3,3,3,"helpful","yes","helpful","helpful","yes","yes","helpful","yes",,"helpful","yes","helpful","yes","helpful","yes","yes","yes","helpful",,"yes","yes",,4,3,3,4,4,4,5,4,4,4,3,2,2,2,1,2,2,0,2,1,1,1,1,1,1,0,8,7,8,0,11,2,1,2,0,5,"Male","Belgium",3,4,0,2020-04-09 11:17:26
60,"French",1,0,0,0,0,1,0,2,0,0,1,1,0,1,1,1,-1,0,2,4,4,4,3,1,1,2,1,2,1,,,,,"yes","yes",,"yes",,,"yes",,"yes","yes","yes","yes","yes",,,"yes","yes",,4,4,4,4,4,3,3,3,4,3,1,1,1,1,1,1,1,3,1,1,1,1,1,1,1,2,7,9,8,0,25,15,1,5,0,7,"Male","Belgium",4,2,0,2020-04-09 11:41:28
61,"French",0,0,0,0,0,0,1,2,1,1,1,1,0,1,0,1,1,0,3,3,4,4,1,2,-1,3,1,1,1,"yes","yes","yes","helpful","helpful","yes","helpful","helpful","helpful","helpful","yes","yes","helpful","yes","yes","yes","yes","yes","helpful","yes","yes","helpful",4,4,4,3,3,1,2,3,1,2,2,2,1,2,2,1,,0,2,2,2,2,2,2,2,0,6,7,6,0,14,14,1,4,2,5,"Male","Belgium",4,2,0,2020-04-09 12:00:05
62,"French",1,0,0,0,0,0,1,2,1,-1,0,-1,-1,0,1,1,-1,1,1,3,3,4,1,3,1,2,2,3,2,"helpful","helpful","yes","helpful","yes","yes","helpful","yes",,"helpful","yes","helpful","helpful","helpful",,"yes","yes","helpful","yes","yes","helpful","helpful",3,4,4,3,3,4,4,4,4,4,4,2,2,2,2,1,0,3,4,1,0,1,1,0,1,3,7,9,10,1,20,0,1,4,0,6,"Male","Belgium",3,2,0,2020-04-09 12:06:42
63,"French",1,0,0,0,0,0,1,2,1,-1,0,1,-1,1,1,1,-1,0,4,2,4,4,3,3,3,3,3,3,3,"helpful","yes","yes","yes","yes","yes",,"yes",,,"yes","yes",,"yes",,"yes","yes",,"yes","yes","yes",,3,1,2,2,3,4,3,2,4,5,2,0,0,2,0,1,1,0,3,0,1,1,0,1,1,1,6,9,9,0,25,20,1,3,0,7,"Male","France",3,2,0,2020-04-09 12:06:53
64,"French",0,0,0,1,0,0,0,2,1,-1,1,1,-1,1,1,1,1,0,3,3,2,4,0,1,1,3,-1,3,1,,,,"yes","yes","yes",,,,,,,,,,"yes",,,,"yes",,"yes",4,4,4,4,5,4,4,4,4,4,1,3,1,1,0,1,1,0,1,1,1,1,1,1,3,0,9,9,6,0,10,20,1,3,0,8,"Male","Belgium",4,2,0,2020-04-09 12:10:04
65,"French",0,0,0,0,0,0,1,2,1,1,1,1,1,1,1,1,1,0,4,3,4,4,3,1,1,1,-1,2,-1,"yes",,"yes","helpful",,"yes",,,"helpful","helpful",,"helpful","helpful","yes",,"yes","yes","yes","helpful","helpful","yes",,3,3,3,3,3,3,3,3,3,3,3,2,1,1,1,1,1,2,3,1,1,1,1,1,2,2,6,5,9,1,15,0,1,1,0,5,"Male","Belgium",3,2,0,2020-04-09 12:14:41
66,"French",0,0,0,0,0,0,1,2,0,0,0,-1,-1,0,1,1,-1,0,2,3,4,3,0,3,2,1,-1,2,1,,,"both","helpful","both","both",,"both",,"helpful",,"helpful","helpful","both","both","both","both","both","both","both","both",,3,2,4,4,4,3,4,3,3,4,3,2,2,2,0,2,1,2,2,1,2,1,0,1,1,2,7,7,7,1,6,0,1,2,0,3,"Male","Belgium",2,3,0,2020-04-09 12:46:49
67,"French",0,0,0,0,0,0,1,2,1,-1,0,0,-1,-1,1,1,-1,0,0,3,4,4,2,-1,2,2,3,2,-1,"yes","yes","yes","helpful","yes","helpful","helpful","yes","helpful","helpful","yes","yes","helpful","yes","yes","yes","yes","yes","yes","yes","yes","helpful",3,2,4,4,4,3,3,2,3,4,2,0,3,3,2,2,1,1,3,1,2,2,1,1,0,2,6,7,8,0,6,2,1,2,0,4,"NB","Belgium",3,4,0,2020-04-09 12:47:01
68,"French",0,0,0,0,0,0,1,2,1,-1,0,-1,-1,-1,1,1,-1,0,3,4,2,4,3,2,-1,2,-2,1,-2,,"yes","yes","helpful","yes","yes",,"yes",,,"yes",,"helpful","yes","yes","yes",,"yes","helpful","yes","yes",,2,1,4,3,3,4,4,4,4,4,2,0,1,2,2,1,1,0,2,2,2,2,1,1,0,0,8,8,7,0,2,2,1,3,0,3,"Female","Belgium",3,2,0,2020-04-09 14:07:28
69,"French",1,0,0,0,0,0,1,3,0,-1,0,1,-1,-1,1,1,-1,1,3,2,1,4,3,-1,-1,2,-1,3,-2,,"both","helpful",,"both","both",,"helpful",,"helpful","yes","yes","helpful","both","yes","both","helpful",,"helpful","yes","helpful",,1,1,1,1,0,1,0,0,1,0,3,0,0,0,0,0,1,1,2,1,2,1,0,2,0,1,4,6,4,1,10,3,1,4,2,4,"Male","Belgium",4,2,0,2020-04-09 14:47:02
70,"French",0,0,0,0,0,0,1,2,1,-1,0,0,-1,1,1,1,-1,0,4,4,3,4,2,3,3,3,3,3,1,"both","both","both","helpful","both","both","yes","both",,,"both","both",,"helpful",,"both","both","both","yes","both","both","helpful",4,3,4,2,3,3,2,1,3,4,3,2,2,2,1,1,1,2,3,1,1,1,1,1,2,2,6,8,9,1,11,0,1,2,0,4,"Male","Germany",4,5,0,2020-04-09 16:18:49
71,"French",1,0,0,0,0,0,1,2,-1,-1,-1,-1,-1,-1,1,1,-1,0,0,2,3,2,-99,2,3,3,-1,2,-1,,"helpful","yes","helpful","yes","yes","helpful","helpful",,,"yes","helpful","helpful","yes",,"yes","yes",,"helpful","yes","yes","yes",4,2,3,5,4,5,4,4,4,2,1,0,2,2,1,2,2,0,1,1,2,2,1,3,0,0,7,6,5,0,1,1,1,3,0,2,"Male","Belgium",3,2,0,2020-04-09 17:51:16
72,"French",0,0,0,0,0,0,1,2,-1,-1,0,0,-1,-1,1,1,0,0,0,1,4,4,0,3,,3,3,3,2,"helpful","helpful","yes","yes","helpful","yes","helpful","yes","helpful","helpful","yes","yes","yes","yes","yes","yes","yes","yes","yes","yes","yes","helpful",4,4,4,4,4,4,4,4,4,4,1,1,1,1,1,1,2,0,2,1,2,1,1,1,1,0,8,8,8,0,20,0,1,4,1,7,"Male","France",3,4,0,2020-04-09 18:35:36
73,"French",1,0,0,0,0,0,1,2,-1,-1,-1,-1,-1,-1,0,1,-1,0,1,3,4,4,0,2,-1,-1,-2,1,2,"both","both","both","helpful","helpful","both",,"yes",,,"yes","yes","both",,,"both","both","both","both","both","both",,4,2,5,3,3,4,4,5,5,5,2,0,2,1,0,1,0,2,3,1,0,2,0,1,0,2,7,8,8,1,3,0,1,8,0,3,"Male","Switzerland",3,2,0,2020-04-10 10:21:17
74,"French",0,0,0,0,0,0,1,2,-1,1,-1,-1,-1,-1,0,1,-1,0,3,3,2,3,0,2,-3,2,-2,2,-3,"helpful","helpful","helpful","helpful","helpful","yes","helpful","yes",,"helpful","yes","helpful","helpful","helpful","yes","yes","helpful","both","yes","yes","yes",,4,3,3,3,3,4,4,4,4,5,2,2,1,2,1,1,1,2,2,2,3,2,2,2,2,0,8,10,5,1,7,0,1,2,0,3,"Male","Belgium",3,3,0,2020-04-10 04:58:04
75,"French",0,0,0,0,0,0,1,2,1,0,-1,1,-1,1,0,1,-1,0,2,4,2,4,0,2,3,3,3,1,-2,,"both",,"helpful",,"both","helpful","helpful",,,"both","helpful",,,,"both","both","both",,"both","both",,3,2,3,3,3,1,0,0,1,5,0,1,0,1,0,1,0,0,0,1,3,2,3,1,1,-1,8,8,6,1,0,0,1,1,0,2,"Male","Belgium",3,4,0,2020-04-10 06:30:44
76,"French",1,0,0,0,0,0,0,2,0,-1,0,-1,-1,1,1,1,,0,3,0,4,4,1,2,-2,-1,1,2,1,"helpful","helpful","yes","helpful","yes","yes","helpful","yes","helpful","helpful","yes","helpful","helpful","helpful","yes","yes","helpful","helpful","yes","yes","yes","yes",3,3,3,4,3,2,3,3,4,4,2,1,1,2,2,1,2,1,2,1,1,1,2,1,2,1,7,8,7,0,10,0,1,1,0,4,"Male","Belgium",3,4,0,2020-04-10 07:49:28
77,"French",1,0,0,0,0,0,1,2,1,-1,-1,1,-1,0,1,1,1,0,1,3,4,4,-99,1,-1,3,-3,2,1,"helpful","helpful","yes","helpful","yes","helpful","helpful","yes","helpful","helpful","helpful","helpful","helpful","helpful","helpful","yes","helpful","helpful","helpful","yes","helpful","yes",4,4,5,4,4,4,3,2,2,5,2,0,1,1,1,1,1,1,1,2,2,2,2,2,2,-1,7,8,6,1,1,0,1,2,0,2,"Male","Belgium",3,1,0,2020-04-10 09:28:30
78,"French",0,0,0,0,0,0,1,2,-1,1,-1,-1,-1,-1,0,1,-1,0,3,3,2,3,0,2,-3,2,-2,2,-3,"helpful","helpful","helpful","helpful","helpful","yes","helpful","yes",,"helpful","yes","helpful","helpful","helpful","yes","yes","helpful","both","yes","yes","yes",,4,3,3,3,3,4,4,4,4,5,2,2,1,2,1,1,1,2,2,2,3,2,2,2,2,0,8,10,5,1,7,0,1,2,0,3,"Male","Belgium",3,3,0,2020-04-10 12:57:36
79,"French",1,0,0,0,1,1,0,2,1,0,-1,-1,-1,-1,1,1,-1,0,1,4,3,4,2,3,3,3,2,2,3,"helpful","helpful","yes","helpful","yes","both","both","yes",,,"yes","helpful",,,"yes","helpful","yes","yes","helpful",,,"yes",5,4,5,2,4,5,2,3,3,5,3,4,1,2,1,1,1,1,2,1,1,3,1,2,2,2,7,6,7,1,1,0,1,2,0,2,"Male","Belgium",3,4,0,2020-04-10 18:38:21
80,"French",0,0,0,0,0,0,1,2,1,-1,-1,1,0,1,1,1,0,,-99,1,0,4,0,1,-1,1,2,3,-1,"helpful","helpful","yes","helpful","helpful","yes","yes","yes","helpful","helpful","yes","helpful","helpful","helpful","helpful","yes","yes","yes","yes","yes","helpful","helpful",3,3,3,3,3,3,3,3,3,3,4,0,0,1,0,0,0,3,4,0,1,0,0,0,0,3,10,10,10,0,13,0,1,3,1,5,"Male","Belgium",3,4,0,2020-04-11 15:36:24
81,"French",0,0,0,0,0,0,1,3,-1,-1,-1,,0,,0,1,0,,3,4,4,4,3,2,2,2,3,2,3,"yes","yes","yes","yes","yes","yes","yes","yes","yes","helpful","yes","yes","yes",,"yes","helpful","yes",,"yes","yes","yes",,5,5,5,4,5,5,4,4,4,3,3,3,3,3,3,3,3,1,4,3,2,4,2,2,2,3,8,7,10,1,9,1,1,5,2,5,"Male","Tunisia",3,2,0,2020-04-12 15:44:16
82,"French",1,0,0,0,0,1,0,2,0,-1,-1,-1,-1,-1,1,1,1,0,2,4,4,4,2,-2,2,3,3,3,-2,"both","both","both","helpful",,,,"yes",,,"both","both",,"both",,"both","both",,"both","both","both",,4,3,5,4,4,4,4,4,4,4,3,0,0,0,1,1,1,2,3,1,1,0,0,0,0,2,5,8,8,1,6,3,1,4,2,4,"Male","Belgium",3,3,0,2020-04-12 22:07:49
83,"French",1,0,0,0,0,0,1,2,1,0,1,-1,-1,1,1,0,0,0,4,3,4,3,0,3,1,2,-1,2,3,,"yes","yes","helpful","helpful",,"helpful","helpful",,,,,,,"yes","yes","yes",,"helpful","yes","helpful",,5,5,5,4,5,4,5,5,5,5,3,0,1,2,1,2,1,2,3,1,1,1,1,1,0,1,7,8,8,1,9,0,1,2,0,5,"Male","Belgium",3,3,0,2020-04-13 16:05:30
