Timestamp,ID,Language,COVIDStatus5,COVIDStatus4,COVIDStatus3,COVIDStatus2,COVIDStatus1,COVIDStatus0,Isolation,FR1,FR2,FR3,FR4,FR5,FR6,FR7,FR8,FR9,FR10,DP1,DP2,DP3,DP4,DP5,Erg1,Erg2,Erg3,Erg4,Erg5,Erg6,OS1,OS2,OS3,OS4,OS5,OS6,OS7,OS8,OS9,OS10,OS11,OS12,OS13,OS14,OS15,OS16,OS17,OS18,OS19,OS20,OS21,OS22,WHO5B1,WHO5B2,WHO5B3,WHO5B4,WHO5B5,WHO5S1,WHO5S2,WHO5S3,WHO5S4,WHO5S5,HPQB1,HPQB2,HPQB3,HPQB4,HPQB6,HPQB5,HPQB7,HPQB8,HPQS1,HPQS2,HPQS3,HPQS4,HPQS6,HPQS5,HPQS7,HPQS8,PerformanceOthers,PerB1item,PerS1item,RolesIncludeDeveloper,YearsOfExperience,YearsOfWorkFromHomeExperience,Fulltime,Coinhabitants,Children,Age,Gender,Country,Education,OrganizationSize,Disabilities,AtLeastOneOpenResponse
2020-04-05 19:49:32,,Portuguese,0,0,0,0,0,1,2,1,1,1,1,-1,-1,-1,0,1,,4,0,-99,4,4,3,3,3,3,3,3,helpful,helpful,helpful,helpful,yes,yes,yes,helpful,yes,helpful,helpful,yes,helpful,helpful,helpful,helpful,helpful,yes,helpful,helpful,helpful,1,0,0,1,0,1,3,3,3,3,3,1,1,2,3,2,3,2,0,3,1,1,1,0,1,2,1,8,6,9,1,15,0,1,2,0,5,Male,Brazil,3,3,0,1
2020-04-05 19:51:55,,Portuguese,0,0,0,0,1,0,2,-1,-1,1,-1,-1,-1,-1,1,1,0,3,3,3,4,4,3,3,2,3,3,3,yes,,yes,,yes,yes,,,yes,,yes,,,,,,,yes,yes,yes,yes,1,3,4,4,3,3,4,3,5,5,5,2,1,1,1,1,2,1,2,2,1,0,1,1,1,1,2,7,8,9,1,5,0,1,2,0,3,Male,Brazil,3,2,0,1
2020-04-05 19:59:56,,Portuguese,0,0,0,1,0,0,3,1,1,1,1,-1,-1,-1,1,1,,4,4,4,4,4,2,3,3,3,3,3,helpful,,,,,,,,,,helpful,,,,,,,,,,helpful,,4,4,3,3,4,4,3,3,3,3,2,2,2,2,2,2,2,2,3,2,2,4,2,2,2,2,9,9,9,0,35,0,1,4,2,8,Male,Brazil,4,4,0,1
2020-04-05 20:00:07,,Portuguese,0,0,0,0,0,1,3,0,0,1,1,1,-1,0,1,0,2,2,2,3,3,4,-3,1,-2,1,-2,-3,yes,yes,yes,,,yes,helpful,helpful,yes,,yes,,yes,,,,helpful,helpful,helpful,,,1,1,1,1,1,1,0,0,1,4,1,2,1,1,2,2,2,4,1,1,2,2,2,2,3,1,-1,7,4,3,0,2,0,1,3,0,3,Female,Brazil,3,2,0,0
2020-04-05 20:15:49,,Portuguese,0,0,0,0,1,0,2,1,0,1,1,-1,-1,-1,1,1,0,3,0,1,4,2,1,3,3,2,2,1,,yes,yes,helpful,helpful,yes,yes,,yes,,helpful,yes,yes,,,,yes,yes,,,,1,4,3,4,4,4,1,2,1,0,1,3,1,0,1,1,3,4,3,2,1,1,2,0,3,2,2,8,9,7,0,5,0,1,2,0,3,Female,Brazil,2,5,0,1
2020-04-05 20:25:02,,Portuguese,0,0,0,0,1,0,3,1,1,1,1,-1,-1,1,1,1,0,4,4,2,3,4,-3,-3,-3,2,3,1,yes,helpful,helpful,helpful,yes,yes,yes,yes,yes,helpful,yes,yes,helpful,helpful,helpful,helpful,helpful,helpful,yes,helpful,yes,1,4,4,4,4,3,1,1,0,1,0,3,1,0,1,1,1,0,2,2,2,3,3,3,3,3,-1,7,9,5,1,2,0,1,1,0,3,Male,Brazil,2,2,0,1
2020-04-05 20:29:08,,Portuguese,0,0,0,0,0,1,2,0,-1,1,-1,0,-1,1,1,1,,3,1,0,3,4,1,2,3,2,2,1,helpful,helpful,yes,helpful,helpful,yes,yes,,yes,,yes,yes,yes,,helpful,yes,yes,yes,yes,yes,,1,4,3,4,2,3,5,5,5,4,5,1,1,0,0,1,2,0,1,1,1,0,0,0,1,0,1,6,8,8,1,2,0,0,2,0,2,Male,Brazil,1,4,0,0
2020-04-05 20:38:39,,Portuguese,0,0,0,0,0,1,3,1,1,1,1,1,0,1,0,1,2,3,2,1,4,2,1,3,2,2,1,1,yes,,yes,,helpful,helpful,helpful,helpful,yes,,yes,,yes,,helpful,helpful,helpful,yes,helpful,,yes,1,3,3,2,2,3,3,3,3,2,3,1,1,1,0,1,1,1,0,1,1,2,1,1,1,2,0,6,8,8,1,8,0,1,1,0,4,Female,Brazil,3,5,0,0
2020-04-05 20:41:33,,Portuguese,0,0,0,1,0,0,2,1,1,1,1,-1,-1,-1,1,1,,4,4,4,4,4,1,2,2,3,1,1,yes,helpful,yes,helpful,yes,yes,yes,yes,yes,helpful,helpful,helpful,yes,helpful,helpful,helpful,helpful,yes,helpful,yes,helpful,1,4,4,4,4,3,4,4,3,4,3,3,1,1,2,1,2,1,2,3,1,1,1,1,1,1,2,9,9,9,0,20,0,1,3,1,6,Male,Brazil,2,4,0,1
2020-04-05 20:41:38,,Portuguese,0,0,0,0,0,1,2,1,0,0,-1,-1,-1,-1,1,1,,4,4,3,4,4,3,3,3,3,2,2,helpful,helpful,helpful,helpful,helpful,helpful,helpful,helpful,yes,,yes,yes,helpful,yes,helpful,helpful,helpful,yes,helpful,yes,yes,1,4,3,4,4,4,3,2,3,3,4,2,2,0,0,3,1,1,0,2,2,0,2,3,1,1,0,8,8,7,1,20,0,1,4,2,6,Male,Brazil,2,4,0,1
2020-04-05 20:49:58,,Portuguese,0,0,0,0,0,1,3,1,-1,1,1,-1,-1,1,-1,1,1,4,0,2,4,3,-2,1,-1,2,2,1,both,helpful,helpful,helpful,both,both,both,helpful,both,,both,both,,helpful,helpful,both,helpful,both,both,both,both,both,2,2,3,3,3,2,2,1,4,2,2,1,1,2,1,2,1,1,2,2,2,3,1,3,2,0,7,7,6,1,1,0,1,1,0,2,Male,Brazil,2,2,0,1
2020-04-05 20:52:15,,Portuguese,0,0,0,0,0,1,2,1,-1,1,1,-1,-1,-1,1,1,2,4,0,2,3,4,1,2,2,2,3,2,both,,both,both,both,both,both,helpful,both,yes,,,,,helpful,,both,both,both,both,,both,3,3,3,2,3,3,3,2,4,2,4,0,0,0,0,0,0,2,3,1,0,0,0,0,1,2,7,10,10,1,20,1,1,2,0,6,Male,Brazil,3,5,0,0
2020-04-05 20:52:33,,Portuguese,0,0,0,0,0,1,2,1,1,1,0,-1,-1,0,1,1,0,4,1,1,4,4,-2,3,3,1,1,2,,,,helpful,helpful,helpful,,helpful,,helpful,,,,,,,,yes,helpful,helpful,helpful,,4,5,3,2,3,5,5,3,4,3,2,1,1,1,1,1,0,0,1,1,2,1,1,2,0,0,7,8,7,1,7,0,1,2,0,4,Male,Brazil,2,2,0,0
2020-04-05 21:12:11,,Portuguese,0,0,0,0,1,0,2,-1,-1,1,1,0,-1,-1,1,1,0,4,3,4,4,4,-1,2,2,2,1,-1,yes,helpful,,yes,yes,yes,yes,yes,yes,,yes,yes,,,helpful,helpful,helpful,yes,yes,yes,,1,4,3,3,3,4,3,1,3,2,4,2,2,2,2,2,2,2,0,2,2,2,2,2,2,3,0,8,8,8,1,5,0,1,2,0,4,Male,Brazil,3,6,0,0
2020-04-05 21:12:19,,Portuguese,0,0,0,0,1,0,2,-1,-1,1,-1,-1,-1,1,1,1,1,2,0,4,4,4,1,-3,-3,3,-1,-3,yes,,,,,,,helpful,yes,,yes,,helpful,,,,,helpful,,yes,,1,4,4,5,2,5,4,2,0,1,2,4,0,0,0,1,1,0,3,2,2,1,1,2,2,2,2,6,9,7,1,6,0,1,7,2,6,Male,Brazil,2,3,0,1
2020-04-05 21:14:47,,Portuguese,0,0,0,0,0,1,2,0,-1,1,-1,-1,-1,-1,1,1,0,4,4,4,4,4,2,2,3,3,2,2,helpful,helpful,yes,helpful,yes,yes,yes,yes,yes,,yes,,,,,,yes,yes,helpful,yes,,1,4,4,4,3,4,3,4,3,2,3,3,1,0,1,1,1,1,1,3,1,1,1,1,1,1,1,7,9,9,1,23,1,1,2,0,6,Male,Brazil,3,4,0,1
2020-04-05 21:17:41,,Portuguese,0,0,0,0,0,1,2,-1,-1,-1,-1,-1,-1,0,1,1,1,4,1,2,4,4,2,3,2,2,-3,-2,both,,,helpful,both,both,helpful,helpful,both,,yes,,,,helpful,both,yes,both,,both,helpful,both,3,3,1,1,1,3,3,2,3,2,2,2,1,2,3,3,1,0,3,1,1,2,2,3,2,2,7,7,9,1,11,0,1,5,3,4,Male,Brazil,2,4,0,0
2020-04-05 21:19:39,,Portuguese,0,0,0,0,0,1,2,1,1,1,1,-1,0,-1,1,1,0,3,1,1,4,2,1,2,3,3,3,2,,,,,,yes,,helpful,yes,,yes,,,,,,,yes,,yes,,1,4,3,2,2,4,4,3,2,3,4,2,2,1,0,1,1,1,0,2,1,1,0,1,1,2,0,8,8,8,1,5,1,1,4,0,2,Female,Brazil,2,2,0,1
2020-04-05 21:21:36,,Portuguese,0,0,0,0,0,1,3,0,-1,1,1,-1,0,-1,0,1,0,4,0,2,3,4,1,-2,-1,2,-2,1,both,,both,,both,both,both,helpful,both,,both,,,,helpful,,helpful,both,both,helpful,both,both,3,4,3,2,5,4,3,4,1,5,4,0,1,2,0,3,0,3,4,0,1,1,0,1,2,3,7,10,10,0,5,0,1,4,2,4,Male,Brazil,4,2,0,1
2020-04-05 21:34:05,,Portuguese,0,0,0,0,0,1,2,-1,-1,1,-1,-1,-1,1,1,1,0,-99,2,-99,3,4,-2,-1,-2,2,2,1,yes,,yes,helpful,,,,helpful,yes,,,yes,,yes,helpful,,helpful,yes,,,,,3,3,3,3,3,3,3,2,3,2,0,0,1,1,1,0,0,1,0,0,0,1,1,2,0,0,8,8,8,1,8,0,1,3,1,4,Male,Brazil,3,2,0,0
2020-04-05 21:34:08,,Portuguese,0,0,0,0,1,0,2,0,-1,0,-1,-1,-1,-1,1,1,,2,1,0,3,3,-2,-1,-1,2,-1,-2,yes,helpful,helpful,helpful,yes,yes,yes,helpful,yes,,yes,yes,helpful,helpful,,helpful,yes,helpful,helpful,yes,helpful,helpful,3,0,1,3,1,2,3,2,2,1,3,0,0,2,1,2,2,2,2,0,2,1,1,2,1,1,6,8,6,1,9,0,1,2,0,4,Male,Brazil,2,4,0,1
2020-04-05 21:41:22,,Portuguese,0,0,0,0,1,0,2,0,-1,1,1,0,0,1,1,1,0,4,4,2,4,4,-1,1,-1,2,-1,1,yes,,yes,helpful,helpful,yes,yes,helpful,yes,,yes,yes,,helpful,,helpful,,,,,helpful,1,4,3,4,4,3,3,2,2,3,3,1,2,1,1,2,2,3,0,1,2,3,3,3,3,3,-2,9,8,4,1,6,3,0,6,0,3,Male,Brazil,2,2,0,1
2020-04-05 21:45:09,,Portuguese,0,0,0,0,1,0,2,1,-1,1,1,1,0,1,1,1,0,4,2,1,4,3,2,2,1,3,-1,-3,yes,,,,,,,helpful,yes,,yes,,helpful,,,,yes,yes,,helpful,,1,4,4,3,4,2,4,4,3,4,4,0,1,1,3,1,2,2,0,0,0,1,1,1,2,2,0,8,9,8,0,2,1,0,4,0,2,Male,Brazil,2,2,0,1
2020-04-05 21:45:31,,Portuguese,0,0,0,0,0,1,2,0,-1,0,0,-1,-1,-1,0,1,0,2,2,0,3,3,2,3,2,3,2,2,helpful,,,,,,yes,,helpful,,,yes,,,helpful,helpful,helpful,yes,yes,,,helpful,4,4,3,4,2,4,4,4,4,3,3,1,1,1,1,2,0,1,2,1,1,0,0,1,0,1,8,9,9,0,9,0,1,2,0,5,Female,Brazil,2,4,0,1
2020-04-05 21:51:05,,Portuguese,0,0,0,0,1,0,2,-1,-1,-1,-1,-1,-1,-1,1,1,0,0,4,0,4,4,3,3,3,3,-2,-3,yes,yes,yes,yes,yes,yes,yes,yes,yes,yes,yes,yes,yes,helpful,helpful,helpful,helpful,yes,yes,yes,yes,1,4,3,4,2,4,3,3,3,3,1,1,1,1,2,1,1,1,2,2,1,1,1,1,1,1,3,8,10,10,0,19,0,1,2,0,5,Male,Brazil,4,2,0,1
2020-04-05 21:53:49,,Portuguese,0,0,0,0,1,0,2,0,0,1,-1,-1,-1,-1,1,1,0,3,0,2,4,3,-2,-2,-2,1,-2,-2,yes,helpful,yes,helpful,helpful,yes,yes,helpful,yes,,yes,helpful,yes,helpful,helpful,helpful,helpful,yes,helpful,helpful,yes,1,5,5,5,5,4,5,5,5,5,5,3,1,1,1,1,1,2,1,1,1,1,1,1,1,1,1,7,9,8,1,4,0,1,3,0,3,Male,Brazil,3,2,0,1
2020-04-05 22:20:43,,Portuguese,0,0,0,0,1,0,2,1,1,1,1,1,-1,1,1,1,,4,0,0,4,2,-3,-1,1,3,-2,-3,yes,,,,yes,yes,helpful,helpful,,yes,,,,helpful,helpful,,yes,yes,,,,,0,1,1,1,1,0,1,0,1,0,1,3,3,3,4,4,4,-3,0,3,4,3,4,4,4,0,6,8,1,0,1,1,1,3,0,3,Male,Brazil,2,3,0,1
2020-04-05 22:23:34,,Portuguese,0,0,0,0,1,0,2,1,1,1,1,-1,-1,1,0,1,3,3,3,2,4,3,-1,1,2,2,3,2,yes,helpful,yes,helpful,helpful,helpful,helpful,helpful,yes,,helpful,yes,yes,helpful,helpful,helpful,helpful,yes,yes,yes,,1,5,4,4,4,5,2,2,2,2,2,2,1,1,1,1,2,1,2,1,2,2,2,2,3,3,0,8,9,6,0,15,5,1,4,2,5,Male,Brazil,4,5,0,1
2020-04-05 22:23:56,,Portuguese,0,0,0,0,0,1,2,1,1,1,1,0,-1,1,1,1,0,4,0,1,4,2,1,2,2,2,2,1,helpful,helpful,yes,helpful,yes,yes,helpful,yes,yes,helpful,yes,yes,helpful,yes,helpful,helpful,helpful,yes,helpful,yes,yes,1,2,1,2,0,3,4,4,4,3,4,3,0,0,0,1,0,2,3,3,0,0,0,0,1,2,3,8,9,9,1,20,2,1,4,2,6,Male,Brazil,2,3,0,1
2020-04-05 22:30:50,,Portuguese,0,0,0,0,1,0,2,1,1,1,1,1,0,1,-1,0,0,4,2,2,4,4,-1,1,1,2,1,1,yes,,yes,yes,yes,yes,yes,yes,yes,yes,yes,yes,yes,,,helpful,yes,helpful,yes,yes,helpful,1,4,4,5,3,4,1,0,0,2,0,3,1,0,0,1,1,0,2,3,1,0,0,0,0,0,2,7,9,8,1,5,1,1,1,0,3,Male,Brazil,2,5,0,1
2020-04-05 22:33:23,,Portuguese,0,0,0,0,1,0,3,-1,-1,0,-1,-1,-1,1,1,1,1,4,1,0,4,4,2,2,1,3,1,-1,,helpful,,,,,,,yes,,yes,,,,,,,yes,helpful,helpful,helpful,1,3,3,4,3,4,4,4,3,4,5,1,1,2,1,1,2,0,1,2,1,2,2,2,2,2,0,8,9,8,0,2,0,0,4,0,2,Female,Brazil,2,2,0,1
2020-04-05 22:35:39,,Portuguese,0,0,0,0,0,1,1,0,0,1,-1,-1,-1,1,1,1,0,4,1,2,1,4,3,3,3,3,3,3,yes,yes,yes,,helpful,yes,yes,yes,yes,,yes,yes,,,helpful,helpful,yes,yes,yes,yes,yes,1,3,3,4,1,5,3,3,3,2,1,2,2,1,1,0,4,0,0,1,1,0,1,1,1,2,0,8,9,6,0,35,5,1,2,0,9,Male,Brazil,3,2,0,1
2020-04-05 22:44:23,,Portuguese,0,0,0,0,1,0,2,1,0,1,-1,-1,-1,-1,0,1,0,4,2,4,4,4,1,2,-1,1,-3,-2,,,yes,,yes,yes,,,yes,,,,yes,,,,,,helpful,yes,,1,4,4,4,3,4,3,3,2,4,1,3,1,3,1,1,1,1,1,3,1,1,1,1,1,1,1,8,9,9,1,9,0,1,2,0,3,Male,Brazil,3,2,0,1
2020-04-05 22:57:48,,Portuguese,0,0,0,0,1,0,3,1,-1,1,1,-1,-1,-1,1,1,0,4,4,4,4,3,-2,2,2,2,-2,-2,,,helpful,helpful,both,both,helpful,,both,,both,helpful,,,,,helpful,both,helpful,both,helpful,both,4,1,4,1,5,3,4,2,4,4,3,1,1,1,1,2,1,1,3,1,3,1,0,2,0,2,7,8,9,1,14,0,1,3,1,6,Male,Brazil,1,2,0,1
2020-04-05 23:14:51,,Portuguese,0,0,0,0,1,0,2,0,0,1,0,,,0,1,1,0,4,3,4,4,4,2,2,2,3,2,2,yes,,yes,,yes,yes,helpful,helpful,yes,yes,yes,yes,,helpful,,helpful,yes,yes,yes,yes,yes,1,4,4,4,4,3,4,4,4,4,3,3,2,2,3,2,2,2,1,3,2,2,2,2,2,2,1,8,8,8,1,3,0,1,2,0,3,Male,Brazil,3,2,0,0
2020-04-05 23:20:20,,Portuguese,0,0,0,0,1,0,2,1,1,1,1,1,-1,-1,1,1,2,3,2,3,4,4,-1,2,3,3,1,2,yes,yes,yes,helpful,yes,yes,yes,yes,yes,helpful,yes,helpful,helpful,helpful,helpful,helpful,yes,yes,yes,yes,yes,1,5,5,5,5,5,4,0,3,3,2,0,0,0,0,0,1,0,0,0,0,0,0,0,2,2,0,10,10,10,1,27,17,1,5,1,7,Male,Brazil,2,4,0,1
2020-04-05 23:20:47,,Portuguese,0,0,0,0,0,1,2,0,-1,1,,,,0,1,1,0,4,4,4,4,4,3,3,3,3,3,3,helpful,helpful,helpful,helpful,helpful,helpful,yes,helpful,yes,,yes,yes,helpful,helpful,helpful,helpful,yes,yes,yes,helpful,yes,1,5,5,5,5,5,5,5,5,5,5,2,2,0,0,0,0,0,0,2,2,0,4,0,0,0,0,10,10,10,1,5,3,1,3,1,5,Male,Brazil,2,5,0,0
2020-04-05 23:25:25,,Portuguese,0,0,0,0,1,0,2,1,1,1,1,0,0,1,1,1,0,3,2,4,4,4,-2,-2,1,1,-3,-1,yes,helpful,yes,helpful,yes,yes,yes,yes,yes,yes,yes,helpful,yes,helpful,helpful,helpful,helpful,yes,helpful,helpful,yes,1,3,2,3,1,3,2,3,2,2,3,2,1,1,2,1,1,2,0,2,1,1,1,1,1,2,0,8,8,9,1,2,0,1,5,0,3,NB,Brazil,2,2,0,1
2020-04-05 23:25:50,,Portuguese,0,0,0,0,0,1,2,1,1,1,0,0,-1,0,1,1,0,4,1,0,4,2,-1,1,1,2,2,1,yes,helpful,,,,,yes,yes,yes,,yes,yes,,,,,,yes,helpful,helpful,helpful,,3,3,3,3,2,3,1,1,2,1,1,1,1,1,1,1,0,0,1,1,2,2,2,2,2,0,8,8,6,1,5,0,0,3,0,3,Male,Brazil,3,2,0,1
2020-04-05 23:30:50,,Portuguese,0,0,0,0,1,0,2,0,-1,1,-1,-1,-1,0,1,1,0,4,2,4,4,4,1,-2,3,3,-2,-3,helpful,yes,yes,helpful,yes,yes,yes,yes,yes,yes,yes,yes,yes,helpful,yes,yes,yes,yes,yes,yes,yes,1,5,5,5,4,5,4,5,3,3,4,0,1,2,2,2,2,1,0,2,1,2,1,1,1,1,0,7,8,7,1,2,1,0,4,0,3,Male,Brazil,2,1,0,1
2020-04-05 23:43:39,,Portuguese,0,0,0,0,0,1,2,1,1,1,1,-1,-1,-1,1,1,,4,2,4,4,4,-1,3,2,1,3,2,yes,yes,yes,yes,yes,yes,yes,yes,yes,helpful,yes,yes,helpful,helpful,helpful,helpful,helpful,yes,yes,yes,yes,1,4,3,3,1,3,2,1,1,0,1,3,1,1,2,2,2,3,2,3,1,1,1,2,2,3,2,8,9,7,1,8,0,1,2,0,4,Male,Brazil,4,6,0,1
2020-04-05 23:49:51,,Portuguese,0,0,0,0,0,1,2,1,-1,1,-1,-1,-1,-1,0,1,0,3,3,1,4,4,2,2,2,2,-1,-2,both,helpful,both,both,both,both,helpful,helpful,both,helpful,helpful,yes,,,helpful,,helpful,both,both,both,,helpful,4,3,4,4,4,4,4,4,3,4,3,1,1,2,2,1,1,2,3,1,1,2,1,2,2,0,5,8,7,1,12,0,1,2,0,3,Male,Brazil,2,6,0,0
2020-04-05 23:50:19,,Portuguese,0,0,0,0,0,1,2,1,1,1,1,-1,0,0,1,1,0,4,1,2,4,4,2,2,-1,3,1,1,helpful,helpful,,helpful,helpful,,yes,,yes,,yes,yes,,,helpful,helpful,helpful,yes,yes,yes,yes,1,4,4,4,3,4,3,4,1,4,3,3,2,2,3,2,2,0,0,3,1,2,2,0,1,0,0,7,8,8,1,4,0,1,2,0,3,Male,Brazil,2,3,0,1
2020-04-06 00:00:34,,Portuguese,0,0,0,0,1,0,2,-1,1,1,-1,-1,-1,-1,1,1,0,4,3,4,4,4,3,3,3,3,2,2,yes,,,,yes,yes,helpful,yes,yes,,yes,,,,,helpful,yes,yes,,yes,yes,1,5,5,5,3,5,5,5,4,5,4,0,0,0,0,0,0,0,1,1,0,0,0,0,0,0,1,9,9,9,1,20,1,1,4,0,8,Male,Brazil,3,4,0,0
2020-04-06 00:04:27,,Portuguese,0,0,0,0,0,1,3,0,-1,1,-1,-1,-1,-1,1,0,1,2,3,3,3,3,2,2,3,3,-1,1,yes,,helpful,helpful,helpful,helpful,helpful,helpful,yes,,,helpful,,,,,helpful,yes,yes,helpful,yes,1,3,3,4,3,3,4,4,4,4,4,2,2,1,1,2,1,1,1,1,1,2,1,1,2,1,1,7,8,8,1,10,0,1,2,0,5,Male,Brazil,3,2,0,1
2020-04-06 00:08:35,,Portuguese,0,0,0,0,0,1,2,1,1,1,1,-1,-1,0,1,1,1,4,3,2,4,4,2,2,1,3,3,1,yes,helpful,helpful,helpful,yes,yes,yes,yes,yes,,yes,helpful,yes,,helpful,helpful,helpful,yes,yes,yes,,1,3,3,2,3,5,2,2,2,2,2,3,1,2,1,1,1,2,2,3,1,2,2,1,1,2,1,7,8,7,1,20,1,1,3,1,6,Male,Brazil,3,3,0,1
2020-04-06 00:22:07,,Portuguese,0,0,0,0,0,1,3,1,0,1,1,-1,-1,-1,1,1,,3,0,0,4,4,-3,-3,-3,3,-3,-3,yes,,,,yes,yes,helpful,helpful,yes,,yes,yes,,,helpful,helpful,,yes,yes,helpful,,1,4,4,3,2,4,4,4,2,3,3,3,2,1,2,2,2,1,2,3,1,2,1,1,2,1,2,5,8,8,1,11,0,1,3,1,4,Male,Brazil,2,2,0,1
2020-04-06 00:22:24,,Portuguese,0,0,0,0,0,1,2,0,0,1,-1,-1,-1,-1,1,1,0,4,1,4,4,4,3,2,3,3,-2,-2,helpful,,yes,,,yes,helpful,helpful,yes,,yes,,,,,,helpful,yes,,yes,yes,1,4,4,4,4,4,4,4,4,4,4,2,0,0,1,1,2,1,0,2,1,0,1,1,1,1,0,8,8,9,1,10,5,1,2,0,4,Male,Brazil,2,2,0,1
2020-04-06 00:35:05,,Portuguese,0,0,0,0,0,1,2,1,0,1,1,-1,-1,1,1,1,0,3,0,4,4,3,1,2,2,2,2,2,yes,yes,yes,helpful,yes,yes,yes,yes,yes,helpful,yes,helpful,helpful,helpful,helpful,yes,helpful,yes,helpful,helpful,yes,1,4,4,4,3,4,2,2,2,1,2,2,2,1,3,2,2,2,0,1,2,3,2,2,3,2,0,8,7,7,1,8,1,1,1,0,4,Female,United States,4,4,0,1
2020-04-06 00:43:00,,Portuguese,0,0,0,0,1,0,2,-1,-1,1,1,0,0,-1,1,1,1,4,4,3,4,4,-2,-1,3,2,2,1,both,helpful,both,helpful,both,both,helpful,both,,,both,yes,,helpful,helpful,,both,both,helpful,helpful,helpful,both,4,4,4,3,4,4,2,3,2,2,2,2,0,1,1,1,1,0,1,2,1,2,2,2,3,-1,9,8,6,1,1,0,0,5,0,2,Male,Brazil,1,2,1,1
2020-04-06 00:46:46,,Portuguese,0,0,0,0,0,1,2,0,1,1,0,-1,0,-1,1,1,0,4,3,2,4,3,3,2,3,2,3,3,both,both,both,both,both,both,both,both,both,,both,both,both,,helpful,both,,both,both,both,helpful,both,3,3,3,3,3,3,3,3,4,3,1,1,1,1,1,1,0,1,2,2,2,2,2,2,2,-1,8,8,6,1,20,2,1,2,0,5,Male,Brazil,3,4,0,1
2020-04-06 00:56:40,,Portuguese,0,0,0,0,0,1,2,1,1,1,0,-1,-1,-1,1,1,1,4,3,4,4,4,1,3,3,2,3,1,yes,,yes,,yes,yes,yes,,yes,,yes,,,,,,,yes,yes,yes,,1,5,5,5,5,5,5,5,5,5,5,2,0,0,0,1,0,0,0,2,0,0,0,0,0,0,0,10,10,10,1,17,0,1,2,0,6,Male,Brazil,2,3,0,1
2020-04-06 01:05:16,,Portuguese,0,0,0,0,1,0,2,1,1,1,1,1,1,1,1,-1,2,4,0,0,4,0,-3,-3,2,-3,-3,-3,helpful,helpful,helpful,helpful,helpful,yes,helpful,helpful,yes,yes,yes,helpful,helpful,helpful,both,helpful,helpful,yes,yes,helpful,yes,1,0,0,0,0,1,4,4,5,5,,3,1,2,2,2,2,2,1,1,1,1,1,,1,1,1,9,8,9,1,10,1,1,1,0,3,NB,Brazil,4,2,0,0
2020-04-06 01:06:00,,Portuguese,0,0,0,0,0,1,3,0,1,1,0,-1,-1,-1,0,1,3,2,4,4,4,3,1,2,-1,1,2,-1,yes,,,helpful,yes,yes,yes,yes,yes,helpful,yes,yes,helpful,,,yes,,yes,,yes,,1,3,4,3,3,3,2,2,2,3,3,2,1,1,1,1,1,2,0,1,1,1,2,0,2,1,0,9,9,5,1,4,1,1,2,0,2,Female,Brazil,2,4,0,0
2020-04-06 01:07:18,,Portuguese,0,0,0,0,0,1,2,-1,-1,1,-1,-1,-1,-1,1,1,0,0,2,3,3,4,2,2,2,2,2,2,,,,,,,helpful,,yes,,yes,yes,yes,,helpful,yes,yes,yes,helpful,yes,,1,4,2,4,2,4,4,3,2,4,4,2,0,1,3,1,4,0,2,2,1,1,0,1,1,0,2,8,9,9,0,17,0,1,1,0,6,Female,Brazil,3,5,0,1
2020-04-06 01:10:40,,Portuguese,0,0,0,0,1,0,2,1,-1,1,1,1,0,-1,1,0,0,1,0,0,4,2,-3,2,-3,2,3,1,yes,yes,yes,,,yes,,yes,yes,,yes,,,,,,,yes,yes,yes,,1,4,4,5,4,5,0,0,1,1,0,1,2,1,3,1,2,1,0,1,2,1,3,2,2,3,-1,8,9,5,1,5,0,1,1,0,1,Male,Brazil,2,4,0,1
2020-04-06 01:14:30,,Portuguese,0,0,0,0,0,1,2,1,1,1,1,-1,-1,-1,1,1,0,-99,0,0,4,4,2,3,3,2,2,2,yes,,yes,,yes,yes,yes,yes,yes,,yes,helpful,yes,,,helpful,helpful,yes,yes,yes,yes,1,4,3,4,3,4,5,5,5,5,5,2,2,1,2,2,2,0,1,2,2,1,2,1,2,2,2,9,10,9,1,3,1,1,4,0,3,Male,Brazil,2,2,0,1
2020-04-06 01:16:43,,Portuguese,0,0,0,0,1,0,3,-1,-1,1,1,-1,-1,-1,1,1,,4,4,3,4,4,-1,3,1,1,1,-2,yes,helpful,yes,yes,yes,yes,yes,both,yes,,yes,yes,yes,,helpful,yes,yes,yes,yes,yes,yes,1,3,3,4,4,3,4,3,4,3,3,3,2,2,2,2,2,2,2,2,1,2,1,1,2,2,0,8,8,8,0,20,3,1,2,0,5,Other,Brazil,3,3,0,1
2020-04-06 01:35:10,,Portuguese,0,0,0,0,0,1,2,1,-1,1,-1,-1,-1,1,1,1,,1,0,0,4,4,-3,-3,-2,1,-3,-3,helpful,helpful,yes,helpful,yes,yes,yes,yes,yes,,yes,yes,,helpful,helpful,helpful,yes,yes,yes,helpful,yes,1,2,1,3,0,1,5,5,4,5,5,3,1,0,2,1,2,0,2,3,1,2,1,2,2,2,2,6,9,8,1,1,0,0,3,0,2,Male,Brazil,0,6,0,0
2020-04-06 01:35:21,,Portuguese,0,0,0,0,0,1,2,1,1,1,1,-1,-1,0,1,1,0,4,3,3,4,3,-1,1,1,3,1,1,both,,both,,both,both,both,both,both,,both,both,both,,,both,both,both,both,both,both,both,4,3,4,3,5,4,2,1,2,3,3,1,0,1,1,2,1,2,3,1,1,2,2,2,2,2,7,9,6,0,16,9,1,3,1,5,Male,Brazil,3,3,0,1
2020-04-06 01:37:55,,Portuguese,0,0,0,0,0,1,2,0,-1,1,0,-1,-1,-1,1,1,0,1,0,-99,3,3,-2,2,-3,1,-3,-3,helpful,helpful,both,helpful,both,both,both,both,both,,both,,,helpful,,,both,both,both,helpful,both,both,4,2,2,0,3,4,3,4,1,3,1,3,2,2,2,2,0,-1,0,3,3,2,2,3,0,-1,8,7,6,1,1,0,0,2,0,2,Male,Brazil,1,3,0,1
2020-04-06 01:48:59,,Portuguese,0,0,0,0,1,0,2,1,0,1,1,0,-1,1,1,1,0,4,4,3,4,4,-2,2,-2,2,2,2,yes,helpful,both,helpful,yes,yes,yes,helpful,yes,,yes,yes,yes,,helpful,yes,both,yes,,helpful,yes,1,2,2,2,2,1,3,3,3,3,2,4,0,0,1,1,0,0,3,0,0,0,0,0,0,0,3,10,10,10,1,8,1,1,3,1,3,Male,Brazil,1,2,0,1
2020-04-06 01:49:03,,Portuguese,0,0,0,0,0,1,2,0,1,1,-1,-1,-1,1,1,1,0,4,3,4,4,4,3,3,3,3,3,1,helpful,helpful,helpful,helpful,helpful,yes,helpful,yes,yes,yes,yes,yes,helpful,helpful,helpful,helpful,helpful,yes,helpful,helpful,yes,helpful,4,2,3,2,4,4,3,3,2,4,3,1,2,3,2,2,1,0,2,1,2,2,1,1,2,1,9,8,7,1,11,4,1,4,1,5,Male,Brazil,2,3,0,0
2020-04-06 01:50:20,,Portuguese,0,0,0,0,1,0,3,1,-1,1,1,0,-1,-1,1,1,0,3,0,1,4,4,-1,3,1,2,2,1,helpful,helpful,both,helpful,both,both,both,helpful,both,,both,both,,helpful,helpful,,helpful,both,,both,,both,4,3,4,3,5,3,2,3,3,2,2,1,0,1,1,1,0,2,1,2,3,2,3,3,2,1,7,8,5,1,3,0,0,4,0,2,Male,Brazil,2,2,0,1
2020-04-06 01:51:04,,Portuguese,0,0,0,0,0,1,2,0,-1,1,0,1,-1,-1,1,0,0,3,3,1,4,4,-3,-1,-3,1,-3,-1,,,yes,helpful,yes,yes,helpful,,yes,yes,yes,yes,yes,,helpful,,,yes,helpful,,,1,4,1,4,1,4,2,4,2,4,2,3,1,1,3,1,3,0,1,1,2,2,2,3,3,1,-1,7,8,4,1,5,0,1,4,1,3,Male,Brazil,2,5,0,1
2020-04-06 01:52:08,,Portuguese,0,0,0,0,0,1,2,1,1,1,0,0,-1,0,0,1,4,2,0,0,3,3,2,3,3,2,-1,-1,yes,helpful,yes,helpful,yes,yes,helpful,helpful,yes,yes,helpful,yes,,,,,helpful,yes,yes,yes,,1,3,3,3,1,3,3,4,3,4,4,2,1,1,1,1,2,1,0,2,1,1,1,1,2,2,0,8,8,7,1,15,5,1,3,1,5,Male,Brazil,2,5,0,0
2020-04-06 01:52:21,,Portuguese,0,0,0,0,0,1,2,1,1,1,0,0,-1,0,0,1,4,2,0,0,3,3,2,3,3,2,-1,-1,yes,helpful,yes,helpful,yes,yes,helpful,helpful,yes,yes,helpful,yes,,,,,helpful,yes,yes,yes,,1,3,3,3,1,3,3,4,3,4,4,2,1,1,1,1,2,1,0,2,1,1,1,1,2,2,0,8,8,7,1,15,5,1,3,1,5,Male,Brazil,2,5,0,0
2020-04-06 01:52:41,,Portuguese,0,0,0,0,1,0,2,1,1,1,-1,0,-1,1,1,1,0,4,2,2,4,4,-2,3,-2,3,-3,-3,yes,helpful,helpful,helpful,yes,yes,yes,helpful,helpful,yes,helpful,helpful,helpful,helpful,helpful,helpful,helpful,helpful,helpful,helpful,helpful,helpful,5,5,5,5,5,1,2,5,3,5,4,1,1,1,1,4,1,2,4,1,1,0,1,3,1,2,10,10,10,1,7,3,1,3,0,3,Male,Brazil,2,6,0,0
2020-04-06 01:52:56,,Portuguese,0,0,0,0,0,1,3,1,-1,1,1,-1,-1,-1,1,1,0,4,4,4,4,4,3,3,3,3,3,3,yes,helpful,yes,helpful,yes,yes,yes,helpful,yes,helpful,yes,helpful,yes,helpful,helpful,,helpful,yes,helpful,yes,helpful,1,2,3,2,2,4,5,4,4,4,3,3,1,0,2,1,1,4,2,1,1,0,1,0,1,0,2,7,9,9,1,2,0,1,5,0,3,Male,Brazil,2,4,0,1
2020-04-06 01:54:04,,Portuguese,0,0,0,0,0,1,2,1,0,1,0,1,0,1,1,1,0,4,0,4,4,4,-2,3,3,3,-2,-2,yes,helpful,yes,helpful,helpful,helpful,helpful,helpful,yes,yes,yes,yes,yes,helpful,helpful,helpful,helpful,yes,,,helpful,1,4,4,4,3,4,3,3,2,5,2,2,1,0,1,1,1,2,0,2,1,1,1,1,1,2,1,8,8,9,0,6,0,1,2,0,3,Female,Brazil,2,5,0,1
2020-04-06 01:56:18,,Portuguese,0,0,0,0,1,0,2,1,-1,1,1,0,1,-1,-1,1,0,4,2,2,4,4,-2,2,1,3,3,2,yes,helpful,helpful,helpful,helpful,yes,helpful,,yes,,yes,yes,helpful,,helpful,helpful,helpful,helpful,yes,yes,helpful,helpful,1,1,1,4,1,1,1,1,1,1,3,1,0,1,2,3,3,1,3,1,0,1,1,2,1,1,8,9,9,1,28,1,1,3,0,3,Male,Brazil,2,4,0,1
2020-04-06 02:01:36,,Portuguese,0,0,0,0,0,1,2,-1,-1,-1,-1,-1,-1,-1,1,1,1,4,2,3,4,4,-1,3,-1,3,-3,-3,helpful,,both,helpful,,both,both,,both,,,,,,,,both,both,,both,,both,1,3,1,1,1,1,3,1,1,1,2,1,2,1,1,2,0,1,2,2,2,1,1,2,0,2,5,8,8,1,8,4,1,2,0,3,Male,Brazil,1,4,0,0
2020-04-06 02:02:05,,Portuguese,0,0,0,0,1,0,2,-1,0,1,1,0,0,-1,1,1,0,2,4,2,4,4,1,2,1,2,3,2,both,both,both,,both,both,both,both,yes,helpful,both,both,yes,,,,both,yes,yes,yes,helpful,1,4,3,4,3,4,1,1,2,4,2,2,1,1,2,1,2,2,1,2,1,2,1,2,2,3,2,8,9,6,1,7,2,1,2,0,3,Female,Brazil,2,4,0,0
2020-04-06 02:04:27,,Portuguese,0,0,0,0,0,1,2,-1,-1,1,1,-1,0,1,1,1,0,3,0,-99,4,4,2,-2,2,2,-3,-3,,,,,,,,,yes,,yes,,yes,,,,,yes,,yes,,1,4,5,4,4,5,4,4,2,4,3,2,1,0,0,1,1,0,0,2,1,0,0,0,1,0,0,8,9,9,1,3,4,1,2,0,4,Female,Brazil,4,2,0,0
2020-04-06 02:05:21,,Portuguese,0,0,0,1,0,0,2,1,1,1,1,-1,0,0,1,1,1,4,3,4,4,4,3,3,2,1,2,2,yes,helpful,helpful,helpful,helpful,yes,yes,yes,yes,helpful,yes,yes,helpful,helpful,helpful,yes,yes,yes,yes,yes,yes,1,5,5,5,5,5,3,3,3,3,3,2,2,1,0,2,3,3,0,2,2,2,2,2,2,2,0,7,9,7,1,8,3,1,3,1,3,Male,Brazil,0,3,0,0
2020-04-06 02:06:16,,Portuguese,0,0,0,0,0,1,2,1,-1,1,-1,0,-1,-1,1,1,0,4,4,4,4,4,1,1,3,1,-1,1,,,,,yes,yes,yes,yes,,,yes,,,,,,yes,,,helpful,helpful,,4,4,3,4,4,4,4,4,4,4,2,3,2,2,2,2,2,0,2,2,2,2,2,2,2,0,7,7,8,1,4,0,1,2,0,4,Male,Brazil,2,3,0,0
2020-04-06 02:07:32,,Portuguese,0,0,0,0,0,1,2,1,-1,1,1,-1,-1,1,1,1,0,3,2,1,4,4,-3,-2,-3,-2,-3,-3,yes,,helpful,,,helpful,helpful,,,yes,yes,,,,helpful,,helpful,yes,,,,,3,2,3,1,4,0,0,0,5,1,1,2,1,1,1,1,1,0,0,3,3,3,3,3,0,-3,8,8,2,1,1,0,1,4,0,2,Male,Brazil,0,2,0,1
2020-04-06 02:08:36,,Portuguese,0,0,0,0,0,1,2,1,1,1,1,-1,-1,-1,1,1,,4,1,0,4,4,3,3,3,3,2,2,helpful,,helpful,helpful,,yes,helpful,,yes,,,,,helpful,,,,yes,,yes,,1,2,1,3,0,4,3,4,4,1,3,3,1,1,1,0,1,0,2,3,1,1,1,0,1,2,2,8,9,9,1,12,0,1,2,0,4,Male,Brazil,3,3,0,0
2020-04-06 02:09:21,,Portuguese,0,0,0,0,1,0,3,1,1,1,1,0,,0,0,1,2,4,2,4,4,4,2,3,3,3,3,3,yes,,yes,helpful,,yes,yes,helpful,yes,,yes,yes,,,helpful,yes,,yes,yes,both,helpful,1,4,4,4,3,4,4,4,4,2,4,2,1,1,2,1,2,2,0,2,2,2,2,2,2,0,0,10,8,8,0,3,3,1,2,0,3,Female,Brazil,2,3,0,1
2020-04-06 02:09:51,,Portuguese,0,0,0,0,0,1,2,1,1,1,0,-1,1,-1,1,1,0,4,0,1,3,3,2,2,3,2,2,2,yes,helpful,helpful,helpful,yes,yes,helpful,yes,yes,yes,yes,helpful,helpful,helpful,helpful,helpful,helpful,helpful,helpful,yes,helpful,helpful,3,4,4,4,4,2,3,1,4,2,1,3,1,1,2,3,2,2,2,2,2,3,1,2,2,2,8,7,6,1,5,1,1,2,0,3,Male,Brazil,2,2,0,1
2020-04-06 02:11:47,,Portuguese,0,0,0,0,1,0,2,1,1,1,1,-1,0,0,0,1,0,4,4,2,4,4,-3,2,-2,-3,3,2,yes,,yes,helpful,yes,yes,yes,helpful,yes,,yes,yes,yes,,,yes,,yes,,,,1,3,3,1,4,1,3,3,1,1,2,3,1,0,1,1,1,0,2,2,2,0,1,1,1,1,1,8,10,8,1,3,0,1,3,0,3,Male,Brazil,2,2,0,1
2020-04-06 02:13:20,,Portuguese,0,0,0,0,1,0,2,1,1,1,1,-1,0,0,0,1,1,2,1,0,-99,3,-1,-1,-1,1,1,2,yes,helpful,both,helpful,helpful,yes,helpful,helpful,yes,,yes,yes,yes,helpful,helpful,helpful,helpful,yes,helpful,yes,helpful,helpful,4,3,3,1,3,2,1,1,1,2,2,1,1,1,0,2,0,1,2,2,2,2,2,3,4,-1,7,8,5,1,3,0,1,4,1,3,Male,Brazil,2,3,0,1
2020-04-06 02:15:40,,Portuguese,0,0,0,0,0,1,3,1,1,1,1,0,1,-1,0,1,0,3,3,3,4,4,1,3,2,2,2,2,,,yes,,yes,yes,helpful,,yes,,yes,,,,,,,yes,,yes,,1,3,3,3,3,3,3,4,3,4,3,2,1,2,1,1,3,2,1,1,1,2,1,0,2,1,0,9,9,8,1,20,0,1,1,0,8,Male,Brazil,1,6,0,1
2020-04-06 02:18:22,,Portuguese,0,0,0,0,0,1,2,-1,1,1,-1,1,-1,1,1,0,1,3,0,0,4,0,3,3,3,3,1,1,helpful,helpful,helpful,helpful,helpful,helpful,helpful,helpful,helpful,helpful,helpful,helpful,yes,helpful,helpful,helpful,helpful,yes,helpful,helpful,helpful,helpful,1,1,5,2,5,0,0,0,0,0,4,0,0,0,0,0,4,3,2,2,2,2,2,2,2,3,10,10,10,1,31,10,1,1,0,6,Male,Brazil,3,2,0,1
2020-04-06 02:18:48,,Portuguese,0,0,0,0,0,1,2,1,0,1,1,0,0,0,1,1,0,3,0,2,3,3,-2,1,1,1,1,-1,yes,helpful,helpful,helpful,helpful,helpful,helpful,helpful,yes,,yes,yes,,helpful,helpful,yes,,yes,yes,yes,helpful,1,4,3,3,2,3,2,3,2,3,2,2,1,0,1,1,2,0,1,1,2,2,2,2,2,2,0,7,9,6,1,11,5,1,2,0,3,Male,Brazil,3,3,0,0
2020-04-06 02:19:38,,Portuguese,0,0,0,0,0,1,2,1,1,1,0,0,-1,-1,1,1,,4,2,2,4,4,1,3,3,3,1,2,yes,,helpful,helpful,yes,yes,yes,helpful,yes,,yes,,,,,helpful,yes,yes,,,yes,1,2,2,2,2,2,3,3,3,3,3,2,1,2,1,1,2,0,0,2,1,2,1,2,1,2,1,7,7,9,1,14,0,1,2,0,5,Male,Brazil,2,5,0,0
2020-04-06 02:21:14,,Portuguese,0,0,0,0,1,0,2,0,-1,0,0,-1,-1,-1,0,1,0,4,1,2,4,3,1,2,-1,1,2,1,yes,yes,helpful,helpful,helpful,yes,helpful,helpful,yes,,helpful,,,,helpful,,yes,yes,helpful,helpful,helpful,1,2,2,2,1,4,2,2,1,2,1,3,0,0,3,1,1,1,1,2,0,1,1,0,1,1,1,9,9,8,1,9,8,1,2,0,3,Male,Brazil,2,2,0,1
2020-04-06 02:22:43,,Portuguese,0,0,0,0,0,1,2,1,-1,1,1,0,0,-1,1,1,,3,0,0,4,3,-1,-1,2,1,-2,-1,yes,helpful,yes,helpful,helpful,helpful,helpful,helpful,yes,helpful,yes,yes,yes,helpful,helpful,helpful,yes,yes,helpful,helpful,yes,helpful,3,3,5,3,4,2,3,2,2,3,3,1,0,1,1,2,1,1,3,1,1,1,1,1,1,1,8,9,9,1,10,0,1,2,0,4,Male,Brazil,3,4,0,0
2020-04-06 02:25:44,,Portuguese,0,0,0,0,0,1,2,1,-1,1,1,-1,-1,0,1,-1,,3,1,1,3,2,1,2,3,3,2,2,yes,helpful,helpful,helpful,helpful,helpful,helpful,helpful,yes,helpful,yes,yes,helpful,helpful,helpful,helpful,helpful,yes,yes,yes,helpful,helpful,2,2,2,1,4,5,5,4,4,1,3,0,0,2,0,2,2,2,3,0,0,1,0,1,1,2,7,8,9,1,5,4,1,3,0,2,Male,Brazil,2,2,0,0
2020-04-06 02:29:50,,Portuguese,0,0,0,0,1,0,3,-1,0,1,-1,-1,-1,-1,1,1,,3,1,0,4,0,-1,-2,1,2,1,-2,yes,helpful,helpful,,yes,yes,yes,,yes,,helpful,yes,yes,helpful,helpful,helpful,,yes,helpful,helpful,helpful,1,3,1,2,1,4,1,1,2,2,1,1,0,1,2,3,2,0,1,1,2,1,2,2,1,3,1,8,9,6,0,12,1,1,2,0,5,Male,Switzerland,3,2,0,1
2020-04-06 02:33:09,,Portuguese,0,0,0,0,1,0,2,1,0,1,0,-1,-1,-1,0,1,0,2,2,1,4,4,2,3,2,2,1,3,,,yes,helpful,,,yes,helpful,yes,,,helpful,,,,yes,helpful,yes,yes,helpful,helpful,1,3,3,1,1,1,4,4,4,4,3,2,2,1,1,3,2,0,1,2,2,0,3,3,3,0,1,7,9,9,1,8,3,1,4,0,4,Male,Brazil,2,4,0,1
2020-04-06 02:44:21,,Portuguese,0,0,0,0,0,1,2,1,1,1,1,0,0,-1,1,1,0,4,0,4,4,4,1,3,-1,3,1,1,yes,helpful,helpful,,yes,yes,helpful,,yes,,yes,yes,yes,,,,,yes,,,,helpful,3,1,3,0,4,3,3,4,0,4,3,1,1,1,1,1,0,1,3,1,0,0,0,1,0,2,8,8,9,1,19,0,1,3,0,6,Male,Brazil,2,3,0,0
2020-04-06 02:46:28,,Portuguese,0,0,0,0,0,1,2,1,-1,1,0,-1,0,-1,-1,1,1,4,4,0,4,4,-1,3,2,3,3,3,yes,helpful,yes,,yes,yes,yes,yes,yes,helpful,yes,helpful,,helpful,,,,yes,,helpful,helpful,1,3,3,1,1,1,1,0,0,0,1,2,1,1,2,1,1,0,2,2,1,1,1,1,1,2,1,5,6,6,1,14,0,1,3,1,5,Male,Brazil,2,2,0,0
2020-04-06 02:47:20,,Portuguese,0,0,0,0,0,1,2,1,-1,1,1,-1,-1,-1,1,1,0,2,4,-99,4,4,3,3,2,3,3,3,yes,helpful,helpful,helpful,,,helpful,,yes,,yes,yes,yes,,,,yes,yes,,yes,,1,4,4,3,4,3,5,5,4,5,4,1,1,1,3,0,2,0,0,1,0,1,3,0,1,1,0,8,8,8,1,10,0,1,3,0,5,Male,Brazil,2,5,0,0
2020-04-06 02:47:20,,Portuguese,0,0,0,0,0,1,2,1,1,1,1,0,1,-1,-1,1,2,4,2,2,4,3,1,3,3,2,-1,1,yes,helpful,yes,helpful,yes,yes,yes,yes,yes,yes,yes,yes,helpful,helpful,helpful,helpful,yes,yes,yes,helpful,yes,1,4,4,4,4,4,4,3,2,2,3,3,0,1,2,0,1,1,2,3,2,0,3,1,2,0,2,10,9,10,1,10,1,1,2,0,4,Male,Brazil,3,2,0,1
2020-04-06 02:48:19,,Portuguese,0,0,0,0,0,1,2,0,0,1,-1,0,-1,-1,1,1,0,4,3,4,4,4,2,2,1,3,3,3,,helpful,yes,,helpful,yes,helpful,yes,yes,,yes,yes,yes,helpful,helpful,yes,yes,yes,helpful,yes,yes,1,4,4,4,4,4,4,4,4,4,4,4,0,1,3,2,1,0,1,4,0,1,2,1,1,1,2,7,8,8,1,1,0,1,4,0,3,Male,Brazil,2,5,0,1
2020-04-06 02:51:29,,Portuguese,0,0,0,0,0,1,2,1,1,1,1,0,1,0,-1,1,,2,0,3,3,1,-1,-2,-2,-1,-1,-1,both,,both,helpful,helpful,both,helpful,helpful,yes,helpful,helpful,helpful,,helpful,helpful,helpful,helpful,both,both,both,helpful,both,4,4,4,4,4,1,1,1,1,1,2,1,2,3,1,1,0,1,1,3,3,2,2,2,3,-1,7,8,5,1,10,,1,4,,4,Male,Brazil,2,4,0,0
2020-04-06 02:53:34,,Portuguese,0,0,0,0,1,0,2,1,1,1,-1,-1,-1,-1,0,1,0,4,3,3,4,2,1,-1,1,1,1,-2,,,,,yes,yes,yes,,yes,,,yes,,,,,,yes,helpful,yes,helpful,1,3,2,2,3,2,2,2,2,3,2,2,2,2,2,2,2,2,1,2,2,2,2,2,2,3,0,6,8,6,1,12,2,1,2,1,7,Male,Brazil,2,3,0,1
2020-04-06 03:03:11,,Portuguese,0,0,0,0,1,0,2,0,-1,1,0,0,-1,-1,0,0,0,2,1,2,3,3,1,-1,2,1,1,1,helpful,,,helpful,both,both,both,helpful,both,helpful,both,both,,,helpful,,helpful,both,both,helpful,helpful,both,2,2,3,2,3,2,2,3,3,3,2,1,1,1,1,1,2,1,2,1,1,1,1,1,2,1,7,8,8,1,5,0,1,4,0,3,Male,Brazil,2,3,0,0
2020-04-06 03:09:01,,Portuguese,0,0,0,0,0,1,2,1,1,1,1,-1,-1,0,1,1,0,4,-99,3,4,4,-1,2,3,-2,-2,-3,yes,yes,yes,yes,yes,yes,yes,yes,yes,,yes,yes,,,yes,yes,,yes,yes,,,1,2,1,2,1,4,3,1,3,1,2,4,0,0,1,1,2,0,3,4,0,0,0,0,1,1,3,8,9,10,1,14,1,1,2,0,5,Male,Canada,2,4,0,0
2020-04-06 03:11:34,,Portuguese,0,0,0,0,1,0,2,0,-1,1,-1,-1,-1,0,0,1,2,4,4,2,4,3,2,3,3,3,3,3,yes,helpful,both,helpful,both,both,helpful,helpful,yes,,,yes,,yes,,,helpful,yes,helpful,helpful,helpful,1,1,0,0,0,1,5,4,4,4,5,2,1,2,2,3,3,1,0,3,1,2,2,1,1,2,1,7,5,8,1,10,1,1,2,0,4,Male,Brazil,2,2,0,1
2020-04-06 03:17:55,,Portuguese,0,0,0,0,0,1,2,0,-1,0,-1,-1,-1,-1,1,1,3,4,3,3,4,4,2,3,3,2,2,2,yes,yes,helpful,helpful,yes,yes,yes,helpful,yes,helpful,yes,helpful,helpful,helpful,helpful,helpful,helpful,yes,yes,yes,helpful,1,4,4,3,3,4,3,2,3,5,3,2,1,0,1,1,2,0,0,2,1,2,1,1,2,1,0,8,7,6,1,30,2,1,2,0,7,Male,Brazil,3,2,0,0
2020-04-06 03:21:46,,Portuguese,0,0,0,0,1,0,2,1,-1,1,0,-1,-1,0,1,1,1,3,2,1,3,3,3,3,-1,3,-1,2,yes,,,,,yes,,,,yes,yes,,,,,,helpful,yes,,,,1,4,4,4,4,4,2,3,2,1,2,2,1,0,1,0,1,1,0,2,0,0,1,1,2,2,0,9,9,9,1,1,0,0,1,0,2,Male,Brazil,1,3,0,1
2020-04-06 03:22:35,,Portuguese,0,0,0,0,0,1,2,1,1,1,1,0,0,1,-1,1,1,2,0,0,4,0,-1,-1,2,2,2,2,yes,yes,yes,helpful,yes,yes,helpful,yes,yes,helpful,yes,yes,helpful,helpful,helpful,yes,helpful,yes,yes,yes,yes,1,3,3,2,2,3,3,3,3,3,2,3,2,3,2,2,1,0,1,1,2,2,1,3,3,2,1,6,8,10,0,4,0,1,4,0,4,Male,Brazil,2,5,0,1
2020-04-06 03:25:37,,Portuguese,0,0,0,0,0,1,2,0,-1,1,-1,-1,-1,-1,1,1,0,4,4,3,4,4,1,2,2,1,3,2,helpful,helpful,helpful,helpful,helpful,yes,helpful,helpful,yes,helpful,yes,yes,yes,helpful,helpful,helpful,helpful,yes,helpful,yes,yes,1,5,5,4,3,5,4,4,4,5,5,2,2,2,2,2,2,2,-2,2,4,2,2,2,2,2,-2,8,5,5,1,3,0,1,3,0,3,Male,Brazil,3,3,0,0
2020-04-06 03:32:55,,Portuguese,0,0,0,0,0,1,2,0,1,1,-1,-1,-1,-1,1,1,0,3,1,3,-99,4,-2,1,2,2,-1,-2,both,helpful,helpful,helpful,both,both,both,helpful,both,,both,helpful,both,helpful,helpful,helpful,helpful,both,both,helpful,helpful,both,2,3,3,3,4,4,4,2,3,4,4,0,0,2,1,1,0,2,4,1,1,1,1,2,1,2,9,8,7,1,10,0,1,3,0,3,Male,Brazil,2,2,0,1
2020-04-06 03:35:28,,Portuguese,0,0,0,0,0,1,2,0,-1,1,0,1,0,-1,0,-1,1,2,1,0,3,1,1,1,3,1,3,2,yes,helpful,helpful,helpful,yes,yes,yes,yes,yes,yes,helpful,helpful,yes,helpful,helpful,yes,helpful,yes,helpful,helpful,helpful,1,1,2,2,3,2,3,3,1,4,1,4,4,1,4,1,4,0,2,4,4,4,1,1,2,2,2,7,9,4,1,10,3,1,1,0,4,Male,Brazil,3,4,0,1
2020-04-06 03:58:32,,Portuguese,0,0,0,0,0,1,2,0,0,1,-1,-1,-1,0,1,1,,1,0,0,4,1,-1,-1,-1,2,-3,-3,yes,,,helpful,helpful,helpful,helpful,,yes,,,,,,,helpful,helpful,,helpful,yes,,helpful,3,3,3,3,3,4,4,4,4,4,2,2,1,2,2,2,2,0,2,2,1,1,1,1,1,0,7,8,8,1,2,0,1,3,0,6,Male,Brazil,2,4,0,1
2020-04-06 04:29:50,,Portuguese,0,0,0,0,0,1,3,1,1,1,1,-1,-1,-1,-1,1,0,4,4,4,4,4,2,2,3,3,2,3,,helpful,helpful,helpful,yes,yes,helpful,helpful,yes,,yes,yes,yes,helpful,,,,helpful,yes,helpful,helpful,1,4,2,4,2,3,2,2,2,1,1,3,1,2,2,2,2,0,1,2,3,2,2,2,2,0,0,8,8,7,1,6,4,1,2,0,2,Female,Brazil,0,2,0,1
2020-04-06 04:39:44,,Portuguese,0,0,0,0,0,1,2,-1,1,1,-1,-1,-1,-1,1,1,0,4,0,4,4,4,-1,-1,3,3,3,3,yes,yes,yes,helpful,yes,yes,yes,yes,yes,helpful,yes,yes,helpful,helpful,yes,yes,yes,yes,yes,yes,yes,1,4,4,4,4,4,4,4,2,4,2,3,1,2,1,1,2,1,3,3,1,2,1,1,1,1,3,7,9,9,1,8,1,1,4,0,2,Male,Brazil,2,3,0,1
2020-04-06 06:32:43,,Portuguese,0,0,0,0,1,0,2,0,1,1,-1,-1,-1,1,0,0,,4,0,0,4,2,-1,1,2,1,-2,-2,yes,helpful,yes,helpful,yes,yes,yes,yes,yes,yes,helpful,helpful,helpful,helpful,helpful,helpful,yes,yes,yes,yes,yes,1,4,4,3,3,3,4,4,3,2,3,2,1,0,1,2,2,0,1,2,2,0,1,1,1,1,1,8,8,8,1,16,3,1,3,1,5,Male,Netherlands,2,4,0,1
2020-04-06 06:57:49,,Portuguese,0,0,0,0,1,0,2,0,0,1,1,1,1,-1,1,1,1,4,2,4,0,4,-1,1,2,2,1,2,both,helpful,both,both,both,both,both,both,both,,both,both,,,,both,both,both,,both,,both,3,2,4,4,3,1,1,0,0,2,2,2,0,2,1,1,0,0,2,2,1,2,2,2,2,0,8,8,6,,10,1,1,2,0,4,Male,Brazil,2,3,0,1
2020-04-06 09:55:47,,Portuguese,0,0,0,0,0,1,2,0,0,1,1,0,-1,0,1,1,0,3,2,2,4,2,1,2,2,-1,2,-1,yes,yes,,,helpful,helpful,helpful,helpful,yes,,yes,,,,,helpful,helpful,yes,yes,yes,,1,3,4,3,4,1,2,2,3,4,1,2,1,1,1,1,2,1,0,1,2,2,2,1,3,2,0,8,9,5,1,5,0,1,2,0,3,Male,Germany,2,3,0,0
2020-04-06 10:53:54,,Portuguese,0,0,0,0,0,1,2,0,-1,1,0,-1,-1,-1,-1,1,0,1,0,0,3,3,3,3,1,3,1,1,yes,yes,yes,,yes,yes,yes,yes,yes,,yes,yes,,,,,,yes,,yes,,1,4,4,3,3,4,4,4,4,3,4,2,1,1,1,1,1,1,1,2,0,2,1,1,3,1,1,8,8,6,0,20,3,1,1,0,5,Male,Brazil,2,4,0,1
2020-04-06 11:45:02,,Portuguese,0,0,0,0,0,1,2,-1,1,1,0,0,0,1,0,1,0,4,2,4,4,4,1,3,3,3,2,3,helpful,helpful,helpful,helpful,helpful,yes,helpful,helpful,yes,helpful,helpful,yes,helpful,helpful,helpful,helpful,helpful,helpful,helpful,helpful,helpful,1,5,4,3,1,4,4,4,4,5,4,0,1,1,1,1,1,2,0,1,0,1,1,1,1,2,0,8,8,8,0,7,0,1,3,0,4,Male,Brazil,2,2,0,1
2020-04-06 11:56:49,,Portuguese,0,0,0,0,0,1,2,0,1,1,-1,-1,-1,1,1,1,,4,2,2,4,3,1,2,1,2,-1,-2,yes,helpful,helpful,helpful,yes,yes,yes,helpful,yes,yes,helpful,helpful,yes,helpful,helpful,yes,yes,yes,helpful,yes,helpful,1,4,4,4,4,4,5,5,4,3,4,2,2,0,4,0,4,0,0,2,1,0,3,2,2,0,0,8,9,8,1,6,0,1,3,1,6,Male,Brazil,2,4,0,1
2020-04-06 12:24:16,,Portuguese,0,0,0,0,0,1,2,-1,-1,1,1,0,1,1,1,1,3,4,2,2,4,4,2,3,3,3,-2,-1,yes,,yes,helpful,yes,yes,yes,yes,yes,,yes,yes,helpful,helpful,helpful,helpful,helpful,yes,yes,helpful,yes,1,4,4,4,4,5,3,4,4,4,5,3,1,2,1,1,2,1,1,2,2,2,2,2,2,2,0,7,7,6,1,3,0,1,1,0,3,Female,Brazil,2,2,0,0
2020-04-06 12:35:16,,Portuguese,0,0,0,0,0,1,2,1,1,1,1,0,1,1,-1,0,,4,2,1,3,0,-3,-3,-3,-1,-3,-3,helpful,,,,,yes,,,,,,,,,,,,,,yes,,helpful,4,3,4,2,4,2,1,2,0,2,3,1,1,2,0,1,2,2,2,2,3,3,2,4,4,2,8,9,6,1,10,3,1,3,0,5,Female,Brazil,2,3,1,1
2020-04-06 12:38:16,,Portuguese,0,0,0,0,0,1,3,1,-1,1,0,-1,1,-1,1,1,2,4,2,2,4,4,1,3,2,3,2,2,both,,yes,,helpful,helpful,,helpful,both,,both,helpful,both,,,yes,both,both,both,both,both,both,4,3,3,1,5,1,0,1,3,2,1,1,0,1,1,2,0,0,2,1,0,1,1,1,2,0,8,8,8,1,5,0,1,2,0,4,Female,Brazil,2,2,0,1
2020-04-06 13:10:00,,Portuguese,0,0,0,0,1,0,2,0,1,1,0,-1,-1,-1,0,1,,3,0,1,3,3,-2,2,2,2,-3,-2,both,helpful,both,helpful,helpful,helpful,helpful,both,both,,both,both,both,helpful,helpful,helpful,both,both,helpful,both,helpful,both,2,3,2,4,4,4,4,3,3,4,2,1,1,2,1,2,1,1,2,0,1,2,1,2,1,1,7,8,8,1,3,0,1,2,0,2,Male,Brazil,2,2,0,1
2020-04-06 13:30:41,,Portuguese,0,0,0,0,0,1,2,0,1,1,0,-1,-1,1,1,1,0,2,1,1,3,2,1,1,1,2,-2,-1,yes,,,helpful,helpful,yes,,,yes,,,yes,,,helpful,,helpful,yes,yes,yes,yes,1,3,3,3,1,2,3,3,3,2,2,3,1,1,3,1,1,2,0,3,1,1,3,1,1,2,0,9,9,9,1,22,0,1,4,0,6,Male,Brazil,3,3,0,0
2020-04-06 13:30:50,,Portuguese,0,0,0,0,1,0,2,0,0,1,0,-1,1,-1,1,1,0,4,4,4,4,4,1,3,1,3,-1,-2,yes,,,,yes,yes,yes,yes,yes,,yes,yes,,,,,,yes,,yes,,,5,3,4,3,3,5,4,5,4,4,2,0,0,1,1,1,0,2,2,0,1,1,0,1,0,,7,9,9,1,10,0,1,2,0,5,Male,Brazil,2,4,0,1
2020-04-06 13:40:32,,Portuguese,0,0,0,0,0,1,2,1,0,1,0,0,-1,-1,1,1,0,4,3,1,4,4,2,2,2,2,3,2,both,,both,helpful,both,both,both,both,yes,helpful,yes,yes,,,,,helpful,both,helpful,helpful,helpful,helpful,3,4,1,3,1,3,4,1,5,1,2,2,0,3,2,1,1,0,1,1,2,2,1,1,2,0,7,8,7,1,15,0,1,4,1,2,Male,Brazil,0,3,0,1
2020-04-06 13:43:08,,Portuguese,0,0,0,0,0,1,2,1,1,1,1,-1,-1,1,0,1,0,3,3,2,3,1,-3,-2,-1,1,-2,-1,yes,helpful,helpful,helpful,helpful,helpful,helpful,yes,yes,helpful,yes,helpful,yes,helpful,helpful,helpful,helpful,yes,helpful,yes,helpful,helpful,3,2,3,3,1,1,1,0,0,1,3,1,1,3,1,2,0,2,2,1,2,2,1,2,2,1,8,8,6,1,11,3,1,4,2,4,Male,Brazil,2,6,0,1
2020-04-06 13:53:24,,Portuguese,0,0,0,0,1,0,1,1,1,1,1,-1,0,1,0,-1,,2,3,3,0,4,-1,-2,3,3,-2,-2,yes,helpful,yes,helpful,helpful,helpful,yes,yes,yes,helpful,yes,yes,helpful,helpful,helpful,helpful,helpful,yes,helpful,helpful,helpful,1,1,1,1,5,2,1,2,1,0,2,3,2,4,4,1,2,3,1,3,2,4,3,2,2,3,1,7,7,10,1,4,0,1,6,2,1,Male,Brazil,0,2,2,1
2020-04-06 14:00:54,,Portuguese,0,0,0,0,0,1,2,0,-1,1,-1,0,-1,1,1,1,0,4,0,2,3,3,1,2,2,2,1,2,,,,helpful,,yes,,,yes,,,yes,,,helpful,,,,,helpful,,,4,4,3,2,2,3,3,4,3,2,2,2,2,2,2,2,0,0,2,,2,2,2,2,0,0,5,7,6,1,3,3,1,1,0,3,Male,Brazil,2,2,0,1
2020-04-06 14:04:02,,Portuguese,0,1,0,0,0,0,2,1,0,1,0,-1,1,-1,1,1,,4,3,4,4,4,-2,3,1,3,2,1,yes,yes,yes,helpful,yes,yes,yes,yes,yes,,yes,yes,,helpful,helpful,yes,helpful,yes,yes,yes,helpful,helpful,3,3,3,1,2,4,3,2,5,2,2,1,1,3,1,1,0,1,2,1,2,2,0,2,2,1,7,8,9,1,6,1,1,4,0,2,Male,Brazil,3,3,0,0
2020-04-06 14:06:35,,Portuguese,0,0,0,0,1,0,3,1,1,1,1,0,1,1,0,1,0,4,4,2,4,0,3,3,3,3,3,3,helpful,helpful,yes,helpful,helpful,yes,helpful,helpful,yes,helpful,yes,helpful,helpful,helpful,helpful,helpful,helpful,yes,yes,helpful,helpful,helpful,5,5,5,5,5,2,1,3,3,2,1,2,3,3,1,3,2,2,1,2,2,2,2,2,2,2,8,9,8,0,13,3,1,2,1,6,Female,Brazil,3,4,0,1
2020-04-06 14:09:05,,Portuguese,0,0,0,0,1,0,2,1,1,1,1,0,0,1,1,1,0,4,0,1,3,1,1,-2,2,1,-2,-1,,,,helpful,helpful,helpful,helpful,helpful,yes,,,,,helpful,helpful,helpful,helpful,yes,,helpful,,,4,4,1,2,5,3,4,1,1,4,2,2,2,0,1,2,2,3,2,2,2,2,1,1,2,3,7,8,7,0,7,0,1,4,0,4,Female,Brazil,3,2,0,1
2020-04-06 14:15:39,,Portuguese,0,0,0,0,0,1,2,1,1,1,1,-1,-1,-1,1,1,0,-99,0,0,4,4,2,3,3,2,2,2,yes,,yes,,yes,yes,yes,yes,yes,,yes,helpful,yes,,,helpful,helpful,yes,yes,yes,yes,1,4,3,4,3,4,5,5,5,5,5,2,2,1,2,2,2,0,1,2,2,1,2,1,2,2,2,9,10,9,1,3,1,1,4,0,3,Male,Brazil,2,2,0,1
2020-04-06 14:18:09,,Portuguese,0,0,0,0,0,1,2,1,1,1,1,-1,-1,1,1,1,,4,0,4,4,4,1,2,2,2,3,2,both,yes,both,helpful,helpful,helpful,helpful,yes,yes,helpful,yes,yes,yes,helpful,helpful,helpful,yes,yes,yes,yes,helpful,1,4,4,4,4,4,4,4,4,4,4,2,1,1,1,1,1,0,1,3,1,1,1,1,1,1,2,9,9,9,1,20,1,1,5,2,6,Male,Brazil,2,4,0,1
2020-04-06 14:20:38,,Portuguese,0,0,0,0,0,1,2,-1,-1,0,-1,0,-1,0,0,1,0,2,0,1,3,3,-1,1,-1,2,-1,-2,yes,yes,yes,helpful,,yes,yes,yes,yes,,,helpful,,,,,helpful,yes,yes,,,1,4,4,3,4,5,3,3,2,2,4,2,1,1,2,1,2,0,3,2,2,2,2,2,2,2,2,7,9,8,1,3,2,1,5,0,3,Male,Brazil,2,4,0,0
2020-04-06 14:30:53,,Portuguese,0,0,0,0,0,1,3,-1,0,1,-1,1,-1,-1,0,1,2,2,2,1,3,4,-3,-3,-2,2,-2,-3,both,both,both,helpful,helpful,both,both,both,both,,,,,,,helpful,helpful,both,,,both,both,2,2,2,4,3,2,2,1,2,1,1,3,2,2,2,2,2,0,1,3,1,1,3,1,2,-2,5,4,2,1,8,5,1,3,0,4,Male,Brazil,1,3,0,1
2020-04-06 14:36:06,,Portuguese,0,0,0,0,0,1,2,0,0,1,0,-1,0,-1,1,1,2,3,4,3,,4,2,3,3,2,3,3,yes,helpful,yes,helpful,yes,yes,helpful,,yes,,yes,yes,helpful,yes,helpful,helpful,helpful,yes,yes,helpful,yes,1,4,4,4,4,4,4,4,4,4,4,3,1,0,1,0,1,0,1,3,1,1,1,1,1,1,1,5,9,9,1,7,4,1,3,0,5,Female,Brazil,2,6,0,1
2020-04-06 14:43:47,,Portuguese,0,0,0,0,0,1,2,1,1,1,1,0,1,-1,0,1,0,4,1,0,3,3,-3,-3,-2,1,-3,-3,helpful,helpful,yes,helpful,yes,yes,yes,helpful,helpful,,helpful,,,,,helpful,helpful,helpful,helpful,,helpful,helpful,3,3,4,2,4,0,0,0,2,1,1,1,1,1,2,1,2,0,2,0,2,3,2,3,3,1,5,7,4,0,0,0,0,4,0,2,Male,Brazil,1,2,0,1
2020-04-06 14:45:19,,Portuguese,0,0,0,0,0,1,3,1,-1,1,-1,-1,-1,1,0,1,0,3,3,0,4,4,-2,2,3,3,2,3,both,both,both,,helpful,both,,helpful,both,,both,both,,,,helpful,helpful,both,both,both,,both,5,4,4,3,3,3,5,1,5,2,0,3,1,1,2,2,1,-2,1,3,2,0,1,3,0,-2,8,6,7,1,2,0,0,4,0,2,Male,Brazil,0,3,0,1
2020-04-06 14:46:25,,Portuguese,0,0,0,0,1,0,2,0,1,1,1,-1,1,0,1,1,,3,2,1,4,4,-1,-1,-2,1,-2,-2,helpful,helpful,helpful,helpful,yes,yes,yes,helpful,helpful,,yes,helpful,yes,helpful,helpful,helpful,yes,yes,,helpful,helpful,1,3,3,2,1,3,2,2,2,3,1,2,1,2,2,0,1,2,0,2,0,0,0,1,1,2,0,9,10,10,1,1,,1,5,2,4,Female,Brazil,2,3,0,1
2020-04-06 14:48:42,,Portuguese,0,0,0,0,1,0,2,1,-1,1,1,-1,1,1,1,1,0,4,3,1,4,4,-1,1,-2,2,2,1,helpful,helpful,helpful,helpful,helpful,helpful,yes,helpful,yes,helpful,yes,helpful,helpful,helpful,helpful,helpful,helpful,yes,helpful,helpful,helpful,1,2,2,2,1,1,2,3,2,3,2,2,1,2,1,1,2,2,2,2,1,2,1,1,2,2,1,5,7,8,1,2,0,1,2,0,4,Male,Brazil,2,3,0,0
2020-04-06 14:52:06,,Portuguese,0,0,0,0,0,1,2,-1,-1,0,-1,-1,-1,0,1,1,0,1,0,0,4,1,1,1,-1,1,-1,-1,helpful,helpful,helpful,helpful,helpful,yes,helpful,helpful,yes,helpful,yes,yes,yes,helpful,helpful,helpful,helpful,helpful,helpful,both,helpful,helpful,1,1,5,1,1,2,2,2,2,2,2,3,3,2,2,2,1,1,3,1,3,1,1,1,1,1,7,9,8,1,10,1,1,6,2,6,Male,Brazil,3,2,0,1
2020-04-06 14:53:15,,Portuguese,0,0,0,0,0,1,2,1,1,1,1,0,-1,1,1,1,0,4,3,-99,4,4,3,2,2,3,3,3,,,,,yes,,helpful,,yes,,yes,,,,,helpful,,,yes,yes,,1,4,5,5,5,5,2,4,4,5,3,2,1,1,1,1,2,0,0,3,1,1,1,0,1,0,2,8,9,9,1,5,1,1,4,0,3,Male,Brazil,4,3,0,1
2020-04-06 14:55:27,,Portuguese,0,0,0,0,0,1,3,0,-1,0,-1,-1,0,-1,0,1,0,4,0,2,4,0,-3,3,3,3,-3,-1,helpful,helpful,helpful,helpful,helpful,yes,yes,yes,yes,helpful,helpful,yes,helpful,helpful,helpful,helpful,helpful,yes,yes,yes,helpful,1,5,3,5,4,4,4,3,2,3,5,2,2,2,4,4,1,0,0,2,2,3,4,4,1,0,0,7,9,4,1,4,2,1,3,1,3,Male,Brazil,3,2,0,1
2020-04-06 14:58:52,,Portuguese,0,0,0,0,1,0,2,1,0,1,0,-1,-1,-1,0,1,2,2,1,1,4,4,-1,2,1,2,3,1,yes,,helpful,helpful,helpful,yes,yes,yes,yes,,yes,yes,yes,,helpful,helpful,helpful,yes,helpful,yes,helpful,,3,4,5,3,3,4,3,4,3,3,2,1,1,2,2,1,0,1,2,2,1,2,1,1,1,1,7,8,8,1,8,1,1,2,0,4,Male,Brazil,2,3,0,1
2020-04-06 14:58:57,,Portuguese,0,0,0,0,0,1,2,1,1,1,1,-1,-1,0,1,1,0,4,2,0,4,4,2,3,2,3,1,-1,yes,yes,yes,,yes,yes,yes,,yes,,yes,yes,yes,yes,,,yes,yes,,,,1,3,3,1,0,2,4,4,4,3,4,1,1,1,1,1,2,1,0,2,0,1,1,0,1,1,1,7,7,8,0,3,0,1,3,0,3,Male,Brazil,2,6,0,0
2020-04-06 15:00:13,,Portuguese,0,0,0,0,0,1,2,-1,-1,1,0,-1,-1,1,0,1,0,3,1,1,4,2,-2,-2,-1,2,-1,-1,yes,helpful,helpful,helpful,yes,yes,helpful,helpful,yes,helpful,helpful,helpful,helpful,helpful,helpful,helpful,helpful,yes,helpful,yes,helpful,1,4,1,3,1,4,3,1,3,1,4,1,1,2,2,1,2,0,0,1,1,2,2,2,2,1,-1,9,7,7,1,2,0,1,4,0,3,Male,Brazil,2,5,0,1
2020-04-06 15:01:53,,Portuguese,0,0,0,0,0,1,2,1,1,1,0,-1,0,1,1,1,0,3,2,2,3,3,-1,1,-1,1,1,-1,yes,,,helpful,helpful,yes,helpful,helpful,yes,,yes,helpful,yes,helpful,,,yes,yes,yes,yes,yes,1,4,4,5,4,4,5,5,4,5,5,3,1,0,1,1,2,0,1,3,1,2,0,1,1,0,1,8,8,10,1,5,2,1,3,1,3,Female,Brazil,3,6,0,1
2020-04-06 15:17:50,,Portuguese,0,0,0,0,0,1,2,0,0,0,-1,-1,-1,1,0,1,0,3,0,0,2,1,-3,1,1,2,-2,-2,,,,,,,yes,yes,yes,,,,,,,,helpful,yes,,,,1,3,3,3,3,4,3,3,2,3,2,0,2,3,2,2,2,0,0,1,2,2,3,2,3,1,-1,8,6,5,1,6,0,0,3,0,1,Male,Brazil,0,2,1,1
2020-04-06 15:18:18,,Portuguese,0,0,0,0,0,1,3,-1,-1,1,1,-1,-1,-1,1,-1,0,4,0,-99,4,4,3,2,-3,2,-1,3,yes,helpful,helpful,helpful,yes,yes,yes,yes,yes,,both,helpful,,helpful,helpful,helpful,helpful,yes,yes,yes,yes,1,4,4,4,4,4,5,2,2,2,4,3,1,0,3,1,3,0,,3,1,4,4,0,2,0,,9,9,9,1,6,0,1,4,0,4,Male,Brazil,2,2,0,1
2020-04-06 15:19:15,,Portuguese,0,0,0,0,0,1,2,1,-1,1,0,-1,-1,1,1,1,0,3,2,1,3,4,-2,2,-2,3,-3,-2,yes,,,,helpful,helpful,,,yes,,yes,,,,,helpful,,yes,yes,,,1,3,3,3,3,2,4,3,3,4,2,1,3,2,3,2,3,0,-1,2,2,2,2,1,2,0,0,7,8,7,0,15,0,1,2,0,5,Male,Brazil,2,4,0,0
2020-04-06 15:22:34,,Portuguese,0,0,0,0,0,1,3,1,1,1,1,,,-1,1,1,0,4,0,4,4,4,2,3,2,3,2,2,yes,,yes,,yes,yes,yes,,yes,,yes,yes,,,,,yes,yes,,yes,,1,5,5,5,4,4,5,5,5,4,4,0,0,1,0,1,2,0,0,0,0,1,0,1,1,1,0,,9,9,1,6,6,1,3,0,8,Male,Brazil,2,6,0,1
2020-04-06 15:27:38,,Portuguese,0,0,0,0,1,0,2,0,-1,1,0,-1,-1,-1,1,1,0,4,0,0,4,4,-2,-1,1,1,-2,-2,yes,yes,yes,helpful,yes,yes,yes,yes,yes,helpful,yes,yes,helpful,helpful,helpful,helpful,helpful,yes,yes,yes,yes,1,3,3,3,3,3,2,2,0,0,2,2,2,3,1,1,3,2,1,2,2,1,1,1,1,1,1,4,9,6,1,14,0,1,4,2,5,Male,United States,3,4,0,0
2020-04-06 15:40:19,,Portuguese,0,0,0,0,1,0,3,1,1,1,1,0,0,1,1,1,0,4,3,3,4,4,1,1,1,3,-1,1,helpful,helpful,helpful,helpful,yes,yes,yes,yes,yes,helpful,yes,helpful,helpful,helpful,helpful,yes,yes,yes,yes,yes,yes,1,5,4,4,4,4,5,4,4,4,4,3,3,1,3,2,3,0,1,3,1,1,1,1,1,0,1,9,9,9,1,15,4,1,3,1,5,Male,Brazil,3,3,0,0
2020-04-06 15:40:37,,Portuguese,0,0,0,0,1,0,2,1,0,1,0,0,0,1,1,1,0,4,2,0,4,4,2,3,2,3,-2,-1,both,both,both,helpful,helpful,helpful,both,both,both,,both,both,both,,helpful,helpful,helpful,both,both,both,both,both,3,2,2,1,3,1,1,1,1,1,2,2,2,2,2,2,2,0,3,1,2,0,1,2,1,2,7,8,7,0,7,0,1,1,0,3,Female,Brazil,3,3,0,0
2020-04-06 15:45:24,,Portuguese,0,0,0,0,0,1,2,0,-1,1,0,-1,-1,-1,1,1,0,4,2,3,4,2,3,2,-2,3,-1,-1,both,helpful,both,,both,both,helpful,helpful,both,helpful,both,,,,helpful,,,both,both,both,both,both,5,4,4,3,4,4,3,2,3,4,3,0,1,1,0,1,1,2,2,1,2,1,2,2,3,1,6,9,7,1,13,0,1,1,0,4,Male,Brazil,2,3,0,0
2020-04-06 15:45:52,,Portuguese,0,0,0,0,0,1,2,0,-1,1,1,-1,-1,-1,1,1,0,3,0,1,4,1,-1,1,2,1,1,-1,yes,,,,,yes,yes,,yes,,,yes,,,,,,yes,,,,,4,3,3,3,4,3,3,2,2,2,3,1,1,2,2,2,1,1,2,2,2,2,2,3,2,0,9,8,8,1,2,0,1,2,0,3,Male,Brazil,3,3,0,1
2020-04-06 15:46:04,,Portuguese,0,0,0,0,1,0,2,1,1,1,0,-1,-1,1,1,1,,4,1,4,3,4,1,3,3,3,3,3,,,yes,,yes,yes,yes,helpful,yes,,yes,,,,,,,yes,yes,yes,yes,1,5,5,5,5,3,5,5,5,5,3,1,1,1,1,1,1,1,0,1,1,1,1,1,1,1,0,8,8,9,1,3,1,1,4,0,3,Male,Brazil,3,3,0,0
2020-04-06 15:48:07,,Portuguese,0,0,0,0,0,1,2,1,1,1,0,-1,-1,-1,1,1,1,1,0,0,3,3,2,3,3,3,2,1,yes,,,,yes,yes,,,yes,,,,,,,,,,,,,,4,4,4,4,4,4,4,3,4,3,3,2,2,2,2,3,2,1,2,1,2,2,2,2,1,0,8,8,7,1,35,10,1,2,0,9,Male,Brazil,4,3,0,1
2020-04-06 15:48:09,,Portuguese,0,0,0,1,0,0,3,1,1,1,1,-1,0,-1,1,1,0,4,4,4,4,4,-2,-2,-1,2,1,2,both,,,helpful,,helpful,both,,both,,both,,,,helpful,,helpful,both,,both,both,,4,4,4,3,4,3,4,4,4,4,2,2,2,2,2,2,2,0,2,1,1,1,1,3,0,0,9,9,8,1,1,0,0,6,0,2,Male,Brazil,1,3,0,1
2020-04-06 15:49:45,,Portuguese,0,0,0,0,0,1,2,1,-1,1,0,-1,1,1,0,1,0,4,1,1,4,4,1,1,3,3,2,3,yes,yes,yes,,yes,yes,yes,,yes,yes,yes,,,,,,yes,yes,yes,yes,,1,3,4,3,3,2,3,5,3,4,2,2,2,1,2,1,2,0,1,2,2,1,1,1,2,0,1,9,9,9,1,2,0,1,5,0,3,Male,Brazil,2,2,,1
2020-04-06 15:50:08,,Portuguese,0,0,0,0,0,1,2,1,1,1,0,-1,-1,-1,1,1,0,4,2,2,4,4,3,2,1,3,1,2,yes,,yes,,helpful,yes,yes,helpful,yes,,yes,yes,,yes,yes,yes,yes,yes,yes,,helpful,1,3,2,2,2,3,4,4,5,5,2,1,2,2,3,2,3,3,0,2,2,1,1,1,1,1,1,9,8,9,1,1,1,1,4,0,3,Male,Brazil,1,6,0,1
2020-04-06 15:52:32,,Portuguese,0,0,0,0,0,1,2,1,0,1,-1,-1,-1,-1,0,1,0,4,2,2,4,3,-1,1,2,1,-2,-2,,helpful,,,helpful,helpful,helpful,helpful,yes,yes,helpful,,helpful,,helpful,,helpful,yes,helpful,yes,helpful,1,3,2,4,2,3,3,4,2,3,1,2,2,2,2,1,2,0,2,1,2,3,2,1,3,0,0,6,7,5,1,11,1,1,1,0,5,Male,Brazil,3,3,0,0
2020-04-06 15:53:45,,Portuguese,0,0,0,0,0,1,3,1,1,1,1,0,0,1,0,1,0,3,1,1,2,3,-3,-3,-2,2,1,-1,yes,helpful,,helpful,,yes,yes,helpful,yes,,yes,,yes,,,,,,,helpful,helpful,1,2,1,2,1,1,3,4,3,3,2,3,1,2,2,1,2,1,0,2,1,1,1,2,2,2,1,8,9,9,1,2,1,1,3,1,2,Male,Brazil,2,2,0,1
2020-04-06 15:54:01,,Portuguese,0,0,0,0,0,1,3,0,-1,1,-1,0,-1,-1,1,1,,3,-99,1,4,4,3,3,3,1,3,2,helpful,helpful,yes,helpful,yes,yes,yes,helpful,yes,helpful,helpful,helpful,helpful,helpful,helpful,helpful,helpful,yes,helpful,yes,helpful,1,4,4,4,4,4,4,4,4,4,4,3,1,1,1,1,1,0,2,3,1,0,1,0,1,0,2,7,9,9,1,15,1,1,2,0,4,Male,Brazil,2,5,0,1
2020-04-06 15:55:17,,Portuguese,0,0,0,0,0,1,2,0,1,1,1,0,-1,0,1,1,1,4,2,2,3,4,2,2,2,2,2,2,yes,,,,helpful,helpful,yes,,yes,,yes,yes,yes,,,,,yes,yes,yes,yes,1,3,3,3,3,3,2,2,2,2,2,2,1,2,2,2,1,2,1,2,2,2,2,2,2,2,1,6,8,7,0,20,1,1,2,0,7,Male,Brazil,4,2,0,1
2020-04-06 15:56:33,,Portuguese,0,0,0,0,0,1,2,1,0,1,1,-1,0,-1,1,1,0,4,3,3,4,3,2,2,3,2,-1,2,yes,,yes,helpful,yes,yes,yes,helpful,yes,,yes,yes,,,,,,yes,helpful,yes,helpful,1,4,4,3,3,4,4,3,2,4,3,3,0,0,1,2,2,0,2,3,0,0,2,2,2,0,2,7,9,6,1,8,0,1,3,0,4,Male,Brazil,3,3,0,0
2020-04-06 15:56:50,,Portuguese,0,0,0,0,1,0,2,0,0,1,0,-1,1,1,1,1,0,3,2,3,4,3,1,1,-2,2,3,1,yes,helpful,,helpful,helpful,yes,helpful,helpful,yes,,yes,yes,,,,,helpful,yes,yes,helpful,helpful,,4,5,2,1,2,4,5,1,4,2,2,1,1,1,1,2,1,1,2,1,1,1,1,1,1,2,7,8,9,1,2,0,1,2,0,2,Male,Brazil,2,3,0,1
2020-04-06 15:59:21,,Portuguese,0,0,0,0,1,0,2,1,1,1,-1,-1,1,0,-1,1,0,1,3,1,4,4,1,-1,-2,2,1,-1,helpful,,,,helpful,helpful,helpful,,yes,,yes,,yes,,helpful,,helpful,helpful,yes,both,helpful,1,2,2,2,1,2,4,3,4,4,2,2,2,1,2,2,2,0,0,2,2,0,2,1,1,0,0,8,6,7,1,2,0,0,4,0,2,Male,Brazil,2,2,0,0
2020-04-06 16:03:37,,Portuguese,0,0,0,0,0,1,2,0,0,1,1,-1,-1,0,1,1,2,1,2,1,3,2,-2,-1,-2,-1,-2,-1,yes,helpful,helpful,helpful,helpful,helpful,yes,helpful,yes,helpful,yes,yes,yes,helpful,helpful,helpful,helpful,yes,helpful,yes,helpful,1,4,3,4,3,4,2,2,2,2,2,3,1,1,3,0,1,1,2,3,1,1,1,1,2,2,2,7,9,8,1,20,5,1,4,2,7,Male,Brazil,3,3,0,1
2020-04-06 16:04:39,,Portuguese,0,0,0,0,1,0,2,1,1,1,1,0,1,0,1,1,,3,3,2,4,4,2,3,3,3,1,-2,yes,,,,yes,yes,helpful,yes,,,yes,yes,,,,,,yes,,,,1,3,2,4,4,5,3,4,4,4,5,4,0,4,4,0,0,0,1,4,0,4,0,0,4,0,1,10,10,10,0,5,0,1,3,0,3,Female,Brazil,3,3,0,0
2020-04-06 16:06:18,,Portuguese,0,0,0,0,0,1,3,1,-1,1,1,0,0,0,1,1,0,4,4,4,4,4,-2,3,2,1,-2,-2,both,helpful,helpful,,helpful,helpful,yes,helpful,yes,,yes,,helpful,helpful,helpful,helpful,helpful,yes,yes,,,both,4,4,4,4,4,4,2,2,3,2,3,1,1,2,1,2,2,1,3,1,1,2,2,3,1,2,7,9,8,1,2,0,0,3,0,3,Male,Brazil,2,3,0,0
2020-04-06 16:10:08,,Portuguese,0,0,0,0,1,0,2,0,0,1,-1,1,0,-1,1,0,0,3,0,0,2,1,2,2,3,2,2,2,helpful,,yes,,helpful,yes,,,yes,,,,,,,,,helpful,,yes,,,5,4,5,4,3,4,4,4,4,3,2,2,4,3,3,3,2,2,2,3,2,3,3,3,3,1,8,8,8,1,12,0,1,5,0,4,Male,Brazil,3,4,0,1
2020-04-06 16:11:13,,Portuguese,0,0,0,0,0,1,2,-1,-1,0,-1,-1,-1,1,1,1,3,4,1,4,2,0,-2,-2,-2,1,2,1,yes,helpful,helpful,helpful,helpful,helpful,helpful,helpful,yes,helpful,yes,yes,yes,helpful,helpful,helpful,helpful,yes,yes,helpful,helpful,1,3,3,3,3,4,4,4,4,5,5,2,2,2,2,1,2,0,0,3,1,1,0,1,1,3,-2,7,5,9,1,10,0,1,3,1,5,Male,Brazil,2,3,0,1
2020-04-06 16:13:32,,Portuguese,0,0,0,0,0,1,3,0,-1,1,1,-1,1,1,0,1,0,4,0,4,4,4,-1,1,3,3,3,3,helpful,,,helpful,helpful,helpful,helpful,helpful,yes,,yes,yes,,,,helpful,,yes,yes,helpful,helpful,1,3,3,3,1,3,3,1,3,3,3,2,2,1,1,1,2,2,-1,2,2,1,1,2,2,2,-1,5,6,5,1,1,1,1,3,0,3,Male,Brazil,2,3,0,1
2020-04-06 16:25:06,,Portuguese,0,0,0,1,0,0,2,1,1,1,1,-1,-1,1,1,1,4,4,4,4,4,4,1,3,3,1,1,2,,helpful,yes,helpful,yes,yes,yes,helpful,yes,,yes,helpful,,helpful,helpful,helpful,helpful,yes,,yes,helpful,helpful,3,3,3,0,4,4,4,4,4,4,2,2,4,4,2,4,0,0,3,0,1,0,1,1,0,1,7,7,9,0,10,0,1,2,0,5,Female,Brazil,3,3,0,1
2020-04-06 16:28:18,,Portuguese,0,0,0,0,1,0,2,1,0,1,0,-1,0,-1,0,0,0,4,4,4,2,4,-1,1,2,2,2,-1,both,,helpful,,helpful,both,helpful,helpful,both,helpful,both,both,helpful,,,,helpful,both,,both,helpful,helpful,3,3,2,3,2,2,2,2,4,2,3,2,1,2,2,2,1,1,2,2,2,2,2,3,1,1,7,8,7,1,2,0,1,1,0,2,Male,Brazil,2,3,0,1
2020-04-06 16:29:38,,Portuguese,0,0,0,0,1,0,2,1,1,1,1,0,0,0,1,1,,4,0,3,4,2,-2,-1,-2,2,3,1,yes,helpful,yes,helpful,yes,yes,helpful,helpful,yes,helpful,helpful,yes,yes,helpful,helpful,helpful,helpful,yes,helpful,helpful,helpful,helpful,2,2,1,0,0,4,4,3,2,3,2,2,2,2,3,2,3,-1,2,1,2,2,2,3,2,0,7,7,8,1,1,0,1,1,0,3,Male,Brazil,1,3,0,1
2020-04-06 16:29:52,,Portuguese,0,0,0,0,0,1,2,1,1,1,1,1,1,0,1,1,2,3,4,2,4,4,2,1,3,3,3,2,yes,,yes,,yes,yes,,,yes,,yes,yes,,,,,,yes,yes,yes,yes,1,4,3,4,4,4,2,0,1,1,4,,0,1,0,0,1,0,2,,2,2,2,2,2,2,1,9,9,7,0,30,10,1,3,0,8,Female,Brazil,4,3,0,1
2020-04-06 16:38:13,,Portuguese,0,0,0,0,1,0,2,1,0,1,1,0,-1,-1,0,1,0,3,1,1,3,2,-1,2,2,3,3,2,yes,helpful,yes,helpful,yes,yes,helpful,helpful,yes,helpful,helpful,helpful,helpful,helpful,helpful,helpful,helpful,yes,helpful,helpful,helpful,helpful,4,4,2,3,3,4,2,2,3,4,2,2,2,3,2,3,2,1,1,2,2,3,2,3,3,0,7,7,6,1,13,2,1,3,1,4,Male,Brazil,3,3,0,1
2020-04-06 16:44:37,,Portuguese,0,0,0,0,0,1,2,1,1,1,1,-1,-1,1,1,1,3,1,3,2,4,2,2,2,3,3,3,3,yes,helpful,helpful,helpful,helpful,helpful,yes,yes,yes,helpful,yes,yes,yes,helpful,helpful,helpful,helpful,yes,yes,helpful,yes,1,5,2,4,2,4,4,3,3,4,4,3,1,1,1,1,1,1,0,1,1,1,1,1,1,1,0,9,9,9,0,20,5,,4,2,6,Female,Brazil,4,3,0,1
2020-04-06 16:48:23,,Portuguese,0,0,0,0,0,1,2,-1,-1,1,-1,-1,-1,1,0,1,0,4,2,1,4,4,2,1,1,3,1,3,helpful,helpful,helpful,helpful,yes,yes,yes,yes,yes,helpful,yes,helpful,yes,helpful,helpful,helpful,yes,yes,helpful,yes,yes,1,3,1,1,1,1,5,5,5,5,5,2,2,0,2,2,1,1,0,2,2,0,1,1,1,0,1,7,8,9,1,1,0,1,3,0,3,Male,Brazil,2,3,0,0
2020-04-06 16:49:32,,Portuguese,0,0,0,0,0,1,2,1,-1,1,0,0,-1,-1,1,0,0,4,2,0,3,3,1,3,3,2,1,1,yes,,yes,,helpful,yes,yes,helpful,yes,,yes,helpful,,,,helpful,yes,yes,yes,helpful,yes,1,4,1,4,4,4,1,1,3,3,1,3,1,1,1,1,1,1,2,2,2,2,2,2,2,2,2,7,8,6,1,10,0,1,1,0,5,Male,Brazil,2,2,0,1
2020-04-06 16:55:27,,Portuguese,0,0,0,0,1,0,3,1,-1,1,0,-1,-1,0,0,1,0,4,2,4,4,4,3,3,2,3,1,1,helpful,,,,,,helpful,both,both,,both,,both,,,,,both,both,helpful,,both,4,4,3,3,3,4,4,4,4,2,,,1,1,1,2,0,,,,1,1,0,1,0,,8,7,8,0,18,0,1,1,0,5,Female,Brazil,2,3,0,1
2020-04-06 17:07:53,,Portuguese,0,0,0,0,1,0,2,0,-1,1,-1,-1,-1,-1,1,1,0,3,1,0,3,4,1,1,3,2,-1,-1,yes,helpful,yes,helpful,helpful,yes,yes,helpful,yes,helpful,yes,yes,helpful,helpful,helpful,helpful,helpful,yes,helpful,yes,helpful,helpful,3,4,3,3,3,3,3,1,3,3,2,2,2,2,2,2,1,2,3,2,2,2,2,2,2,2,8,8,8,1,12,12,1,2,0,5,Male,Brazil,3,3,0,1
2020-04-06 17:19:21,,Portuguese,0,0,0,0,1,0,2,0,1,1,1,-1,-1,,1,1,0,4,3,2,4,4,2,3,3,2,-1,-1,yes,,yes,,yes,yes,yes,,yes,yes,,yes,,,,,,yes,helpful,,,,2,1,1,1,1,4,3,3,4,2,2,1,1,1,1,2,3,1,2,1,2,1,1,1,2,1,8,8,9,1,1,0,1,2,0,3,Female,Brazil,2,6,0,1
2020-04-06 17:20:28,,Portuguese,0,0,0,0,1,0,2,1,1,1,-1,-1,-1,-1,1,1,0,3,0,3,4,4,-1,3,1,2,1,2,helpful,helpful,helpful,helpful,yes,yes,yes,helpful,helpful,yes,yes,yes,helpful,helpful,helpful,helpful,helpful,yes,helpful,helpful,yes,1,4,4,5,4,5,3,3,3,3,2,4,1,2,1,1,1,1,3,3,1,1,1,2,1,1,3,5,8,9,1,17,8,1,2,0,5,Male,Brazil,2,4,0,1
2020-04-06 17:27:57,,Portuguese,0,0,0,0,1,0,3,1,1,1,1,-1,-1,0,1,1,0,3,2,4,4,4,2,2,2,2,2,2,yes,helpful,yes,helpful,,,yes,,yes,,helpful,helpful,,,helpful,,,yes,,yes,yes,1,4,4,4,4,4,4,4,4,4,4,3,0,1,0,1,1,2,2,1,1,1,1,1,1,1,2,9,9,9,0,20,3,1,4,2,5,Male,Brazil,3,3,0,0
2020-04-06 17:28:47,,Portuguese,0,0,0,0,0,1,2,0,-1,0,-1,-1,-1,-1,0,1,0,3,0,3,3,4,1,2,2,2,2,1,both,helpful,both,,both,both,both,both,both,,helpful,both,,,helpful,both,both,both,,both,both,both,4,3,4,4,3,3,3,2,4,3,1,2,0,1,1,2,0,0,1,2,1,2,0,2,0,0,7,7,7,1,1,0,0,4,0,3,Male,Brazil,1,5,0,0
2020-04-06 17:30:41,,Portuguese,0,0,0,0,1,0,2,-1,-1,1,1,0,0,0,0,1,0,4,2,4,4,4,1,3,3,1,2,1,yes,yes,yes,helpful,helpful,yes,yes,helpful,yes,helpful,yes,helpful,helpful,helpful,helpful,helpful,helpful,yes,yes,yes,helpful,1,4,2,3,4,3,1,1,1,3,4,2,1,0,1,1,2,1,0,1,3,2,2,3,3,2,-1,7,9,7,1,5,0,1,6,0,3,Male,Brazil,3,3,0,1
2020-04-06 17:34:29,,Portuguese,0,0,0,0,0,1,2,1,0,1,0,-1,-1,0,1,1,1,2,2,2,4,2,1,1,1,2,2,2,both,both,helpful,helpful,helpful,both,both,both,both,,both,both,,helpful,helpful,helpful,,helpful,,both,,both,4,4,4,4,4,4,4,4,4,4,2,2,1,2,1,2,0,1,2,1,1,1,1,1,1,2,7,9,8,1,5,2,1,2,0,3,NB,Brazil,3,3,0,0
2020-04-06 17:35:47,,Portuguese,0,0,0,0,0,1,2,0,1,1,0,-1,-1,-1,1,1,0,4,4,4,4,4,1,3,3,2,3,2,yes,,,,yes,yes,yes,yes,yes,,yes,yes,yes,,,yes,,yes,,yes,yes,1,4,3,2,0,3,4,4,4,4,3,1,2,1,2,2,2,0,0,1,2,1,1,1,2,0,0,7,7,7,0,34,0,1,4,0,8,Female,Brazil,2,4,0,1
2020-04-06 17:39:39,,Portuguese,0,0,0,0,1,0,2,1,1,1,-1,-1,-1,1,0,1,0,3,3,3,4,2,-2,1,-1,2,-3,-2,,helpful,yes,helpful,helpful,,,,yes,,,yes,,,,,,yes,helpful,,,1,1,3,5,1,4,4,5,4,1,3,2,1,3,3,3,2,0,1,4,0,0,0,1,1,0,3,8,9,10,1,20,3,1,4,0,6,Male,Brazil,3,3,0,1
2020-04-06 17:44:18,,Portuguese,0,0,0,0,1,0,3,1,0,1,1,1,-1,-1,1,1,1,3,3,4,4,1,2,3,3,2,1,-1,,,,,,yes,,,yes,,yes,yes,,,,,,yes,,helpful,,1,2,1,1,0,3,3,3,3,4,3,2,2,0,2,1,2,0,0,2,1,1,1,1,1,1,0,8,8,8,1,10,0,1,2,0,4,Female,Brazil,4,3,0,1
2020-04-06 18:02:53,,Portuguese,0,0,0,0,1,0,2,1,0,1,1,1,-1,1,1,1,0,4,3,4,4,4,-1,-2,-2,2,-2,-2,yes,helpful,helpful,helpful,helpful,helpful,yes,helpful,yes,,yes,helpful,helpful,helpful,,helpful,helpful,yes,helpful,yes,helpful,1,4,2,4,1,4,1,,1,1,3,2,2,1,2,2,3,3,1,0,4,3,2,3,3,4,-2,7,7,3,1,3,0,1,2,0,4,Male,Brazil,3,3,0,1
2020-04-06 18:08:15,,Portuguese,0,0,0,0,0,1,2,1,-1,1,1,-1,-1,-1,1,1,0,4,3,1,4,4,3,3,3,3,3,3,helpful,,yes,,,,helpful,,yes,,yes,yes,,,,,,yes,,,,1,5,5,5,4,5,5,4,4,4,4,4,0,0,1,1,2,0,3,3,1,2,0,0,1,1,2,8,8,9,1,15,0,1,3,0,5,Male,Brazil,4,3,0,1
2020-04-06 18:15:01,,Portuguese,0,0,0,0,0,1,2,1,-1,1,1,0,-1,1,0,1,0,4,0,0,4,4,-2,-2,-2,2,-3,-3,yes,,,,both,both,helpful,helpful,yes,,both,,,,,,,both,both,helpful,,both,2,2,2,3,2,1,0,2,2,0,2,2,0,2,2,1,2,0,1,3,3,4,3,4,4,-2,7,7,3,1,2,0,0,6,0,2,Male,Brazil,1,3,0,1
2020-04-06 18:15:40,,Portuguese,0,0,0,0,0,1,2,-1,-1,1,-1,-1,-1,-1,1,1,2,3,2,3,4,4,1,3,2,2,1,1,yes,,,,yes,yes,helpful,helpful,yes,,yes,,yes,,,,,yes,,yes,,1,4,1,4,0,4,4,4,3,2,4,2,1,1,2,0,2,0,1,2,1,1,2,1,2,0,2,9,9,9,0,16,1,1,3,1,5,Male,Brazil,3,3,0,0
2020-04-06 18:20:57,,Portuguese,0,0,0,0,0,1,2,1,1,1,1,-1,0,1,1,1,0,1,0,0,3,0,1,1,-2,3,1,1,yes,helpful,helpful,,,yes,,helpful,yes,,yes,,,,,,helpful,yes,,,,1,4,4,4,4,4,2,1,3,1,2,2,1,0,1,2,1,0,0,3,1,1,1,1,2,1,1,7,7,9,1,18,0,1,4,0,7,Male,Brazil,4,3,0,1
2020-04-06 18:28:22,,Portuguese,0,0,0,0,0,1,1,-1,-1,0,-1,-1,-1,1,1,-1,0,4,0,4,2,4,3,3,-2,2,-2,-2,yes,helpful,both,helpful,yes,yes,helpful,helpful,yes,helpful,yes,both,helpful,helpful,helpful,helpful,helpful,yes,helpful,both,helpful,1,4,4,3,3,3,4,4,5,5,5,3,1,1,2,1,2,1,2,3,1,2,1,0,1,0,2,7,8,9,0,12,0,1,2,0,5,Male,Brazil,3,3,2,1
2020-04-06 18:34:56,,Portuguese,0,0,0,0,0,1,2,1,0,1,0,-1,-1,1,1,1,2,4,4,4,4,4,2,3,1,3,3,3,yes,helpful,helpful,helpful,helpful,helpful,helpful,helpful,yes,yes,yes,,,helpful,helpful,,helpful,yes,,yes,yes,1,4,3,2,1,5,4,2,4,4,5,2,0,1,3,1,2,2,1,2,1,1,1,0,2,2,2,5,7,9,1,5,5,0,2,0,4,Male,Brazil,3,5,0,1
2020-04-06 18:42:57,,Portuguese,0,0,0,0,0,1,2,-1,1,1,0,-1,0,1,1,1,0,4,2,4,4,4,3,1,1,3,-1,-2,helpful,,,,helpful,helpful,,,yes,,yes,yes,yes,,helpful,,helpful,yes,yes,yes,yes,1,2,0,4,1,5,3,3,5,3,5,3,1,0,0,2,1,1,1,2,1,0,0,1,0,1,1,7,10,10,1,12,5,1,2,0,5,Male,Brazil,3,3,0,1
2020-04-06 18:51:02,,Portuguese,0,0,0,0,0,1,2,-1,-1,1,-1,-1,-1,0,1,1,,4,2,2,4,3,1,2,2,2,3,2,both,both,both,helpful,helpful,both,both,both,both,both,yes,helpful,both,helpful,both,yes,both,both,both,both,helpful,both,4,4,4,4,3,3,4,2,2,3,2,2,1,1,1,1,0,1,1,2,2,1,3,2,1,-1,9,9,6,1,3,0,1,2,0,3,Male,Brazil,2,3,0,0
2020-04-06 19:01:43,,Portuguese,0,0,0,0,0,1,2,1,1,1,1,0,0,-1,1,1,,4,4,4,4,4,1,3,2,2,1,1,yes,yes,,,yes,yes,yes,yes,yes,,helpful,helpful,,,,,,yes,yes,yes,helpful,1,4,5,5,4,4,5,4,3,5,5,3,0,1,2,1,1,0,0,3,0,1,1,1,1,0,0,9,9,9,1,2,0,1,2,0,2,Male,Brazil,3,2,0,1
2020-04-06 19:02:50,,Portuguese,0,0,0,0,1,0,3,-1,-1,-1,-1,-1,-1,-1,1,1,3,4,2,3,4,3,1,2,3,3,3,3,both,both,both,helpful,helpful,both,both,both,both,,both,both,,helpful,helpful,,both,both,both,both,helpful,,4,2,3,2,5,4,4,4,4,5,2,3,1,2,1,4,0,0,2,1,1,2,0,1,0,1,7,7,8,0,4,0,1,2,0,3,Female,Brazil,2,3,0,1
2020-04-06 19:07:06,,Portuguese,0,0,1,0,0,0,2,1,1,1,1,0,-1,1,1,1,1,3,4,2,4,3,1,1,2,3,3,3,yes,yes,yes,yes,helpful,yes,yes,yes,helpful,helpful,yes,yes,yes,yes,yes,yes,helpful,yes,helpful,yes,helpful,1,3,3,3,4,3,3,3,3,3,3,2,2,2,2,2,2,2,-1,3,3,2,2,2,3,2,-1,8,9,9,0,10,3,1,3,0,8,Male,Brazil,3,2,0,1
2020-04-06 19:10:27,,Portuguese,0,0,0,0,0,1,3,1,0,0,1,-1,-1,-1,0,1,0,2,3,-99,4,4,2,3,2,2,3,2,yes,,yes,,,yes,,yes,yes,,,,,,,,,yes,,yes,,1,4,5,4,4,4,5,4,4,4,4,2,2,0,2,1,1,1,0,2,1,0,1,1,0,1,0,5,8,8,1,15,0,1,5,2,8,Male,Brazil,4,2,0,1
2020-04-06 19:11:23,,Portuguese,0,0,0,0,1,0,2,0,-1,1,1,-1,-1,1,0,1,0,4,4,4,4,4,1,1,1,1,3,1,yes,yes,yes,helpful,yes,yes,yes,yes,yes,yes,yes,yes,yes,yes,yes,helpful,yes,yes,yes,yes,yes,1,4,4,4,4,4,1,1,0,0,1,3,3,2,1,1,2,2,3,3,1,2,2,1,3,1,1,6,10,5,0,9,2,1,2,0,3,Female,Brazil,2,3,0,0
2020-04-06 19:35:58,,Portuguese,0,0,0,0,1,0,3,-1,-1,1,-1,-1,-1,-1,1,1,0,4,4,4,4,4,-1,3,3,3,3,1,both,both,both,both,both,both,both,both,both,,both,,,,,,both,both,both,,both,both,3,2,3,2,4,4,4,3,5,4,3,1,0,1,1,2,0,1,2,2,2,2,1,3,0,0,7,8,6,0,3,0,1,4,0,5,Male,Brazil,2,4,0,1
2020-04-06 19:37:50,,Portuguese,0,0,0,0,0,1,2,0,-1,0,0,-1,0,-1,1,1,,4,2,3,3,4,1,-1,2,2,-3,-3,both,helpful,,helpful,,both,helpful,helpful,both,,helpful,both,,helpful,helpful,helpful,helpful,both,both,both,helpful,both,4,4,4,3,4,3,3,2,4,2,3,1,1,1,1,2,0,1,2,2,2,1,2,2,1,-1,7,8,6,1,12,0,1,2,0,5,Female,Brazil,3,3,0,1
2020-04-06 19:45:14,,Portuguese,0,0,0,1,0,0,2,0,-1,1,-1,-1,-1,1,1,1,0,3,3,0,4,3,2,2,2,3,3,3,,,,,,,,,,,,,,,,,,,yes,,,,4,2,4,3,4,4,4,2,3,4,2,3,3,3,2,3,0,0,1,2,2,2,2,2,2,0,7,7,6,0,5,15,0,1,0,7,Female,Brazil,3,2,0,1
2020-04-06 19:55:32,,Portuguese,0,0,0,0,1,0,2,1,1,1,1,0,0,-1,1,1,,2,0,-99,3,3,2,-1,2,2,2,1,helpful,yes,yes,helpful,yes,yes,helpful,yes,yes,helpful,yes,yes,yes,helpful,helpful,yes,yes,yes,yes,yes,yes,1,2,2,2,2,2,3,3,3,3,3,2,1,1,1,2,2,1,0,2,1,1,2,2,2,2,2,7,9,8,1,10,0,1,0,0,3,Male,Brazil,2,5,0,0
2020-04-06 20:02:00,,Portuguese,0,0,0,0,0,1,2,0,0,1,0,-1,-1,1,1,1,0,1,1,2,3,4,2,3,-2,1,3,3,both,both,both,,helpful,helpful,helpful,both,both,,both,yes,,helpful,,,,both,both,both,helpful,both,4,2,3,3,3,4,4,4,5,4,2,2,1,2,2,3,0,0,2,1,1,1,0,1,0,1,8,8,9,1,14,0,1,2,0,4,Female,Brazil,3,3,0,0
2020-04-06 20:11:24,,Portuguese,0,0,0,0,1,0,2,1,-1,1,1,0,0,-1,1,1,0,4,1,1,4,4,-2,1,1,-1,1,-1,yes,,helpful,helpful,helpful,both,helpful,helpful,yes,,yes,yes,helpful,helpful,helpful,helpful,helpful,yes,helpful,,helpful,1,2,2,3,3,5,3,2,2,3,4,2,0,0,0,1,2,0,1,1,1,2,2,2,2,0,0,8,9,6,1,3,0,1,3,0,2,Male,Brazil,2,3,0,1
2020-04-06 20:21:37,,Portuguese,0,0,0,0,1,0,2,-1,0,0,-1,-1,-1,-1,0,1,0,1,-99,0,3,2,-1,1,2,2,2,1,both,helpful,helpful,helpful,helpful,both,both,both,both,,both,helpful,,,helpful,helpful,,both,helpful,both,helpful,both,4,3,4,4,4,4,4,3,5,4,,,1,2,2,2,0,0,,,2,3,3,3,0,0,8,7,6,1,13,0,1,4,0,4,Male,Brazil,3,3,0,0
2020-04-06 20:32:38,,Portuguese,0,0,0,0,1,0,2,0,1,1,1,-1,-1,1,0,1,0,4,2,4,4,4,2,2,-1,3,-1,1,yes,helpful,,helpful,helpful,yes,yes,helpful,yes,,yes,yes,,helpful,,yes,helpful,helpful,yes,helpful,yes,1,4,3,4,2,4,2,1,1,4,1,2,2,0,3,2,1,0,0,1,2,0,4,2,2,2,0,7,8,5,1,1,0,1,4,0,3,Male,Brazil,2,2,0,0
2020-04-06 20:33:24,,Portuguese,0,0,0,0,0,1,2,-1,0,1,0,-1,-1,0,1,1,1,3,3,0,4,4,-3,-2,3,2,-3,-2,yes,,yes,,yes,yes,,,yes,,yes,yes,yes,,,,yes,helpful,yes,,,helpful,4,1,4,4,4,3,2,3,2,5,2,3,1,3,3,3,2,0,2,2,2,3,3,3,2,0,8,8,6,1,1,0,1,6,1,5,Female,Brazil,3,3,0,1
2020-04-06 21:11:17,,Portuguese,0,0,0,0,1,0,3,0,-1,1,1,-1,-1,0,1,1,0,4,1,2,4,4,-1,2,2,2,1,1,both,helpful,,helpful,helpful,helpful,both,both,both,,both,both,,,,helpful,,both,both,both,,both,4,4,5,3,4,3,3,1,4,2,2,1,0,2,1,2,0,0,2,1,0,2,1,2,1,0,8,8,6,1,2,0,0,1,0,4,Male,Brazil,2,3,0,1
2020-04-06 21:22:38,,Portuguese,0,0,0,0,0,1,3,1,1,1,1,1,-1,0,-1,1,,4,0,0,2,4,3,3,1,-1,3,2,both,helpful,helpful,helpful,both,both,both,both,both,,both,,,helpful,,both,helpful,,,both,helpful,both,4,2,4,2,4,3,4,1,1,3,4,0,3,3,0,2,2,2,3,0,0,1,0,2,0,1,6,9,8,1,5,0,1,2,0,2,Male,Brazil,2,2,0,1
2020-04-06 21:30:32,,Portuguese,0,0,0,0,0,1,2,0,0,0,0,0,-1,-1,1,0,1,3,1,3,4,2,-1,-1,1,3,2,2,yes,helpful,,helpful,yes,yes,yes,helpful,yes,,yes,,,helpful,helpful,helpful,helpful,yes,yes,yes,yes,helpful,4,4,5,4,3,3,3,3,4,3,1,2,1,2,2,2,2,0,2,2,1,1,2,2,2,0,7,7,5,1,8,2,1,2,0,5,Male,Brazil,4,3,1,1
2020-04-06 22:03:57,,Portuguese,0,0,0,0,1,0,2,-1,-1,0,-1,-1,0,-1,1,1,,2,2,3,3,4,1,3,2,3,1,2,,,,helpful,,,,,yes,,helpful,,,,,,,yes,,,,1,4,1,4,2,3,1,2,1,3,1,3,1,1,1,1,3,2,2,3,1,1,2,2,2,2,2,9,9,9,1,7,2,1,2,0,4,Male,Brazil,2,5,0,0
2020-04-06 23:45:21,,Portuguese,0,0,0,0,0,1,2,0,1,1,1,0,-1,-1,0,1,4,2,0,1,0,4,2,2,2,2,-1,-1,,helpful,,,,yes,,,yes,helpful,,,yes,,,helpful,yes,yes,yes,yes,helpful,1,4,4,2,2,3,3,4,3,2,4,2,1,1,2,1,3,3,0,1,1,1,2,1,3,4,0,7,8,8,1,8,2,1,2,0,3,Male,Brazil,2,5,1,1
2020-04-07 00:08:48,,Portuguese,0,0,0,0,0,1,2,-1,-1,1,1,0,-1,-1,1,1,0,4,4,3,4,4,2,3,2,3,2,2,yes,helpful,yes,helpful,yes,yes,yes,,yes,,yes,yes,yes,helpful,helpful,helpful,,yes,helpful,yes,helpful,1,4,4,4,3,4,3,3,4,4,4,3,1,1,1,1,1,1,2,3,1,1,1,1,1,1,2,6,8,9,1,11,8,1,2,0,4,Male,Brazil,2,5,0,1
2020-04-07 00:40:39,,Portuguese,0,0,0,0,1,0,3,1,1,1,1,1,0,-1,1,1,1,4,2,1,4,1,1,2,3,3,-1,-1,yes,,,,yes,yes,yes,yes,yes,,yes,yes,,,yes,yes,,yes,yes,yes,helpful,1,4,3,4,3,3,1,1,1,1,1,1,1,1,1,1,2,0,0,0,3,2,2,2,3,3,-1,8,9,6,1,9,0,1,1,0,3,Female,Brazil,2,3,0,1
2020-04-07 00:57:25,,Portuguese,0,0,0,0,1,0,2,0,-1,1,0,-1,-1,-1,1,1,0,4,0,0,4,4,-2,-1,1,1,-2,-2,yes,yes,yes,helpful,yes,yes,yes,yes,yes,helpful,yes,yes,helpful,helpful,helpful,helpful,helpful,yes,yes,yes,yes,1,3,3,3,3,3,2,2,0,0,2,2,2,3,1,1,3,2,1,2,2,1,1,1,1,1,1,4,9,6,1,14,0,1,4,2,5,Male,United States,3,4,0,0
2020-04-07 01:15:08,,Portuguese,0,0,0,0,1,0,2,1,0,1,1,-1,-1,1,1,1,1,4,0,2,4,4,-1,1,2,1,2,1,helpful,helpful,yes,helpful,helpful,helpful,helpful,helpful,yes,,helpful,yes,,helpful,helpful,yes,yes,yes,helpful,,,1,3,3,2,2,4,3,2,2,4,3,1,0,1,1,1,2,2,0,0,1,2,2,2,2,2,0,9,7,5,0,2,1,1,2,0,3,Male,Brazil,2,5,1,1
2020-04-07 01:43:37,,Portuguese,0,0,0,0,1,0,2,0,1,1,0,-1,-1,1,1,1,,4,3,4,4,4,2,2,2,2,2,2,,,,,yes,yes,yes,yes,yes,,yes,yes,yes,,,yes,yes,yes,yes,yes,yes,1,4,4,4,4,4,4,4,4,4,4,4,0,0,0,1,1,0,2,3,1,1,3,1,0,1,2,9,9,9,1,10,1,1,2,1,5,Male,Brazil,2,4,0,1
2020-04-07 01:51:20,,Portuguese,0,0,0,0,1,0,1,-1,-1,0,-1,-1,-1,-1,1,1,,4,0,1,3,4,-1,1,2,1,-1,-1,,,helpful,,,,yes,yes,helpful,,yes,helpful,,,helpful,yes,helpful,yes,,helpful,,,4,4,4,1,5,5,5,5,4,3,2,2,3,2,2,2,3,1,3,3,3,3,2,3,3,2,6,9,7,1,15,2,1,3,1,6,Male,Brazil,2,3,0,1
2020-04-07 01:57:29,,Portuguese,0,0,0,0,0,1,2,-1,-1,0,0,-1,0,-1,1,1,0,4,-99,0,4,4,2,3,2,1,3,3,both,both,helpful,both,both,both,both,both,both,helpful,both,both,helpful,helpful,helpful,both,,both,both,both,both,helpful,3,2,3,2,3,3,3,3,3,3,1,1,1,1,1,2,0,2,1,3,2,1,3,1,1,-2,6,7,4,1,10,0,1,2,0,4,Male,Brazil,3,6,0,1
2020-04-07 02:07:49,,Portuguese,0,0,0,0,0,1,3,0,-1,1,0,1,1,-1,-1,-1,,3,0,0,4,4,-3,-2,-1,-1,-3,-2,,,,,yes,yes,,,yes,,yes,,,,,,helpful,yes,,,,1,3,2,4,3,4,1,2,1,1,3,3,0,1,0,1,1,0,3,3,1,2,1,2,2,1,3,8,9,7,0,19,0,1,3,1,7,Male,Brazil,4,5,0,1
2020-04-07 02:49:22,,Portuguese,0,0,0,0,1,0,3,0,1,1,1,-1,0,-1,1,1,0,4,4,2,4,4,-1,2,3,3,3,3,yes,yes,yes,,yes,yes,,helpful,,,helpful,,helpful,,helpful,,helpful,yes,,,,1,3,2,1,2,4,3,2,1,3,3,3,1,2,3,3,3,1,2,3,2,2,2,2,3,1,1,6,7,6,1,10,0,1,3,0,3,Male,Brazil,4,3,0,1
2020-04-07 04:28:26,,Portuguese,0,0,0,0,1,0,2,1,1,1,1,-1,-1,-1,0,1,0,4,2,4,4,4,1,2,1,3,1,1,helpful,helpful,yes,helpful,yes,yes,helpful,yes,yes,helpful,yes,helpful,helpful,,,,helpful,helpful,helpful,helpful,helpful,1,4,3,4,2,5,3,5,3,5,3,3,1,2,2,2,1,1,2,2,3,3,3,3,3,4,-2,8,9,4,1,2,0,0,4,0,2,Male,Brazil,2,1,0,1
2020-04-07 07:58:18,,Portuguese,0,0,0,0,1,0,2,1,1,1,-1,-1,-1,-1,1,1,0,4,2,2,3,2,-2,-2,2,-1,2,1,yes,helpful,yes,helpful,helpful,yes,helpful,yes,yes,yes,yes,yes,yes,helpful,helpful,yes,helpful,yes,helpful,yes,yes,1,3,4,5,4,4,3,3,4,4,3,2,2,3,2,2,2,3,2,3,1,2,2,2,2,2,0,8,8,6,1,15,0,1,5,2,5,Male,Portugal,3,5,0,0
2020-04-07 08:53:01,,Portuguese,0,0,0,1,0,0,2,0,0,1,-1,-1,-1,0,0,1,0,2,1,2,4,4,-1,2,2,-1,-2,-1,yes,,,,,yes,yes,yes,yes,,yes,yes,yes,,,yes,,yes,,,,,3,3,3,2,4,3,3,3,3,3,2,2,2,2,2,2,1,0,2,3,2,2,2,2,2,0,7,7,5,0,10,8,1,2,0,4,Male,Netherlands,4,4,0,0
2020-04-07 09:52:06,,Portuguese,0,0,0,0,0,1,3,0,-1,1,-1,-1,-1,-1,1,0,1,2,3,3,3,3,2,2,3,3,-1,1,yes,,helpful,helpful,helpful,helpful,helpful,helpful,yes,,,helpful,,,,,helpful,yes,yes,helpful,yes,1,3,3,4,3,3,4,4,4,4,4,2,2,1,1,2,1,1,1,1,1,2,1,1,2,1,1,7,8,8,1,10,0,1,2,0,5,Male,Brazil,3,2,0,1
2020-04-07 12:05:54,,Portuguese,0,0,0,0,0,1,2,1,1,1,0,-1,0,-1,0,-1,1,4,3,1,4,0,1,1,,-1,-2,-2,yes,helpful,,helpful,yes,yes,yes,helpful,yes,,yes,yes,,helpful,helpful,helpful,yes,yes,,,,1,4,3,3,3,4,4,2,4,4,4,2,1,3,1,1,3,1,2,2,1,1,3,1,1,1,1,6,8,8,1,2,0,1,3,0,3,Male,Brazil,3,,0,0
2020-04-07 12:27:18,,Portuguese,0,0,0,0,0,1,2,1,-1,1,0,-1,-1,-1,1,1,1,3,2,2,3,4,2,2,-1,3,3,2,yes,yes,yes,helpful,yes,yes,yes,yes,yes,helpful,yes,yes,helpful,helpful,helpful,helpful,helpful,yes,helpful,yes,yes,1,3,4,1,1,2,3,4,1,1,2,1,3,1,3,1,2,0,0,1,3,1,2,1,2,0,0,6,7,6,1,2,0,0,3,0,2,Male,Brazil,0,3,2,1
2020-04-07 12:40:55,,Portuguese,0,0,0,0,1,0,2,1,1,1,1,1,1,1,1,1,2,3,-99,0,4,4,-3,1,1,2,-2,-3,,,,,,,,,yes,,,,,,,,,yes,yes,yes,helpful,helpful,3,2,1,2,4,2,1,1,3,1,2,2,2,3,2,3,2,-1,0,4,3,4,4,4,4,-3,8,3,1,1,2,0,0,4,0,2,Male,Brazil,1,1,0,1
2020-04-07 12:42:39,,Portuguese,0,0,0,0,0,1,2,1,1,1,0,-1,-1,-1,1,1,1,3,3,2,3,4,-1,1,1,1,1,-1,both,both,both,both,both,both,both,helpful,both,,both,yes,,,,,,both,both,both,,both,3,3,4,1,3,3,3,3,4,1,1,3,2,2,2,2,0,-1,1,3,2,2,3,3,2,-1,7,6,5,0,20,1,1,4,0,8,Male,Brazil,4,6,0,0
2020-04-07 12:46:29,,Portuguese,0,0,0,0,0,1,2,1,1,1,1,0,-1,1,0,1,0,1,0,0,4,2,2,1,-2,2,-1,1,yes,helpful,helpful,helpful,yes,yes,yes,yes,yes,helpful,yes,helpful,yes,helpful,helpful,helpful,yes,yes,helpful,yes,yes,1,4,5,4,3,5,5,5,5,5,5,3,1,0,1,0,1,2,1,3,0,0,0,0,0,1,1,8,9,10,1,15,0,1,3,1,5,Male,Brazil,2,4,0,1
2020-04-07 12:48:22,,Portuguese,0,0,0,0,1,0,3,1,0,1,0,-1,-1,-1,0,1,0,1,2,1,4,4,1,1,3,2,2,2,yes,helpful,helpful,,yes,,helpful,yes,yes,,yes,yes,,,,,,yes,,,,1,3,3,2,3,2,2,3,2,3,1,2,3,1,1,1,1,0,0,1,3,2,2,2,3,0,0,7,7,6,1,15,0,0,4,0,3,Male,Brazil,1,3,0,1
2020-04-07 12:52:39,,Portuguese,0,0,0,0,0,1,2,-1,-1,0,-1,-1,-1,-1,1,1,0,4,0,2,4,4,1,1,-1,3,2,-1,yes,helpful,yes,helpful,yes,yes,helpful,yes,yes,helpful,yes,yes,,,helpful,helpful,yes,yes,helpful,yes,helpful,1,3,4,3,4,3,3,4,3,5,3,2,2,0,2,1,2,0,0,2,1,0,0,1,2,0,0,7,7,6,1,5,0,1,2,0,3,Male,Brazil,1,3,0,1
2020-04-07 12:56:59,,Portuguese,0,0,1,0,0,0,2,-1,1,1,-1,0,-1,-1,0,0,0,2,1,-99,2,2,3,3,3,3,3,3,yes,,,,,yes,helpful,,yes,,,,,,helpful,,helpful,,helpful,helpful,,helpful,1,2,2,4,2,2,1,1,1,2,2,1,2,2,2,2,2,0,2,2,2,2,2,2,1,0,7,7,7,1,3,3,1,3,0,3,Male,Brazil,2,6,0,0
2020-04-07 13:12:06,,Portuguese,0,0,0,0,0,1,2,1,0,1,1,1,0,1,0,1,0,4,0,0,2,2,1,3,1,1,1,1,both,helpful,helpful,,,,helpful,helpful,both,,both,both,,,,,,both,,both,helpful,both,3,0,5,1,5,2,0,2,0,5,2,0,1,0,0,1,0,1,2,1,1,2,0,2,3,2,9,9,9,1,5,0,0,1,0,3,Male,Brazil,3,3,1,1
2020-04-07 13:35:20,,Portuguese,0,0,0,0,0,1,2,1,0,1,1,0,0,-1,1,1,,4,3,3,4,2,-3,3,3,3,1,-2,yes,yes,yes,,yes,yes,yes,yes,yes,,yes,yes,helpful,,,helpful,yes,yes,yes,yes,yes,1,5,4,4,4,5,4,4,4,3,5,2,1,3,3,3,2,2,1,3,1,3,3,2,3,3,1,6,7,6,1,13,1,1,4,0,3,Male,Brazil,2,3,0,0
2020-04-07 14:07:27,,Portuguese,0,0,0,0,1,0,2,-1,-1,0,-1,-1,-1,1,1,1,0,0,-99,3,2,0,1,2,2,-3,3,-1,helpful,helpful,yes,helpful,helpful,yes,helpful,helpful,yes,helpful,yes,yes,yes,helpful,helpful,helpful,helpful,yes,helpful,helpful,helpful,1,4,3,4,4,2,5,3,2,2,3,2,1,1,1,1,3,0,0,3,1,1,1,1,4,0,1,10,7,9,1,17,2,0,3,1,6,Male,Brazil,2,3,0,1
2020-04-07 14:16:48,,Portuguese,0,0,0,0,0,1,2,1,1,1,1,0,1,-1,0,1,2,3,2,1,4,2,1,2,3,3,-1,-1,yes,,yes,,yes,yes,,yes,yes,,yes,both,,,helpful,,both,yes,helpful,helpful,,1,4,5,5,4,3,4,3,5,4,3,2,2,2,3,1,3,1,0,1,2,1,1,1,2,1,0,9,8,8,0,20,0,1,3,1,7,Female,Brazil,2,3,0,1
2020-04-07 14:50:24,,Portuguese,0,0,0,0,1,0,2,1,-1,1,-1,-1,-1,-1,1,1,,3,,0,4,4,2,3,3,3,2,1,yes,,,,,,yes,,yes,yes,yes,,,,,,,,,,,1,4,3,3,1,3,4,3,3,3,4,2,1,2,2,1,2,0,2,2,1,2,2,1,2,0,1,9,9,9,1,101,0,1,2,0,4,Male,Brazil,2,2,0,1
2020-04-07 15:37:25,,Portuguese,0,0,0,0,0,1,3,1,0,1,-1,-1,-1,-1,1,1,,3,3,0,4,3,-2,-1,1,1,3,2,both,both,both,helpful,both,both,both,both,both,both,both,both,,,,helpful,,both,both,both,both,both,5,5,2,3,1,5,5,1,3,3,2,2,0,2,1,1,0,1,1,1,1,2,1,2,0,0,8,8,8,1,7,3,1,4,0,3,Male,Brazil,0,2,0,0
2020-04-07 17:05:32,,Portuguese,0,0,0,0,0,1,3,0,0,1,-1,-1,-1,0,1,1,0,2,2,4,3,4,1,2,3,3,2,-1,yes,both,yes,helpful,yes,yes,helpful,yes,yes,yes,yes,yes,yes,helpful,helpful,helpful,helpful,yes,helpful,yes,helpful,1,4,4,4,4,4,4,4,4,4,3,2,1,2,2,1,3,2,1,2,1,2,2,1,2,2,0,8,8,7,1,18,0,1,4,2,5,Male,Brazil,2,4,0,1
2020-04-07 17:06:20,,Portuguese,0,0,0,0,0,1,2,0,-1,1,0,-1,-1,-1,0,1,,3,1,0,4,3,1,1,2,3,-1,-1,both,,,,both,both,both,helpful,both,,both,both,,both,,,,helpful,,helpful,,both,4,4,5,3,5,2,4,1,2,3,2,1,0,2,2,2,1,0,2,2,1,2,3,2,0,0,7,7,6,1,1,0,1,3,0,2,Male,Brazil,2,3,0,0
2020-04-07 17:43:09,,Portuguese,0,0,0,0,1,0,2,1,0,1,0,-1,-1,-1,1,1,0,4,3,1,4,4,-3,1,3,3,-3,-2,yes,yes,yes,helpful,yes,yes,yes,yes,yes,helpful,yes,yes,helpful,helpful,helpful,yes,yes,yes,yes,yes,helpful,1,5,4,4,4,2,4,2,4,4,4,1,2,2,3,2,3,1,0,2,2,1,1,1,1,1,0,9,7,8,1,5,6,0,5,0,2,Male,Brazil,1,3,0,0
2020-04-07 18:23:14,,Portuguese,0,0,0,0,1,0,2,1,1,1,1,-1,-1,0,0,1,0,3,2,2,3,3,1,2,3,2,-3,-2,,,,,,yes,yes,yes,,,,yes,,,,,yes,yes,,,helpful,helpful,1,1,2,1,2,3,4,3,4,3,2,1,2,2,2,2,1,0,3,1,2,3,1,2,1,2,7,8,7,0,10,3,1,1,0,4,Female,Brazil,2,3,0,1
2020-04-07 19:03:19,,Portuguese,0,0,0,0,0,1,2,0,-1,1,1,-1,-1,0,1,1,0,4,0,1,3,2,3,1,1,-1,3,1,yes,,yes,helpful,yes,yes,yes,yes,yes,,yes,yes,,,,,helpful,yes,,yes,,1,4,3,2,2,3,4,4,2,3,3,3,1,1,3,2,2,0,1,2,1,2,2,1,3,2,1,5,7,6,1,8,0,1,1,0,4,Male,Brazil,2,3,0,1
2020-04-07 19:04:45,,Portuguese,0,0,0,0,0,1,2,1,1,1,1,1,1,1,-1,1,,4,1,0,4,0,-1,1,2,1,-3,-1,yes,,,,,helpful,helpful,,yes,,yes,helpful,,,,,,yes,,,helpful,,1,1,1,2,1,1,1,1,1,1,2,1,1,1,1,2,2,3,2,2,3,2,1,2,2,0,7,10,5,1,6,4,1,2,0,3,Male,Brazil,2,2,0,0
2020-04-07 19:51:34,,Portuguese,0,0,0,0,0,1,2,1,1,1,1,0,0,0,0,1,,4,2,2,2,4,1,3,2,2,1,2,helpful,helpful,helpful,helpful,helpful,yes,helpful,yes,yes,yes,helpful,yes,yes,helpful,helpful,helpful,yes,yes,helpful,helpful,helpful,1,4,4,4,5,4,4,4,4,4,4,2,2,1,2,2,1,2,0,3,2,2,2,2,1,2,0,6,6,6,0,5,,1,,,4,Male,Brazil,3,3,1,0
2020-04-07 22:43:31,,Portuguese,0,0,0,0,1,0,2,0,-1,1,0,-1,-1,0,1,1,1,3,2,3,3,4,1,2,2,2,3,3,both,helpful,helpful,,both,both,both,,both,,yes,yes,both,yes,helpful,,helpful,both,helpful,helpful,helpful,both,2,1,2,1,2,2,3,3,2,2,2,1,1,1,1,1,0,1,2,1,1,1,1,1,0,1,9,9,9,1,3,2,1,2,0,2,Male,Brazil,2,3,0,1
2020-04-07 22:52:35,,Portuguese,0,0,0,0,0,1,2,-1,-1,0,0,-1,-1,-1,1,1,0,2,1,1,4,4,3,3,2,3,2,2,yes,helpful,,,yes,yes,yes,yes,yes,,yes,yes,,,,,yes,yes,yes,yes,,1,3,3,3,3,4,4,4,4,5,5,3,1,2,1,1,2,1,2,3,1,1,1,1,1,1,2,6,8,8,1,6,0,1,1,0,3,Male,Brazil,2,4,0,0
2020-04-08 00:26:26,,Portuguese,0,0,0,0,1,0,2,0,0,1,0,0,-1,-1,0,0,1,3,1,4,3,3,1,2,1,-1,-1,-1,helpful,both,helpful,,helpful,both,helpful,helpful,both,,both,both,,,helpful,,,both,both,,,both,3,3,2,2,2,2,2,2,2,2,3,1,2,2,1,2,0,1,2,2,2,1,2,2,1,1,6,8,6,1,4,0,1,3,0,3,Male,Brazil,2,3,0,1
2020-04-08 03:11:41,,Portuguese,0,0,0,0,1,0,2,1,-1,1,1,-1,0,-1,0,1,,4,0,0,0,4,-2,1,1,-1,3,-2,helpful,helpful,both,helpful,helpful,both,helpful,helpful,both,,both,,,helpful,helpful,helpful,helpful,both,both,both,both,both,1,1,0,0,1,1,1,1,1,1,2,1,1,3,2,3,0,2,2,1,2,1,2,3,3,0,6,6,6,1,3,3,1,3,0,3,Male,Brazil,2,6,0,1
2020-04-08 08:47:47,,Portuguese,0,0,0,0,0,1,2,1,-1,0,1,0,-1,1,1,1,,4,3,1,4,4,1,1,3,3,3,3,both,both,yes,helpful,both,both,both,both,both,,both,both,,helpful,helpful,helpful,,both,both,both,,both,4,4,3,3,4,3,3,3,3,3,2,2,2,2,1,2,2,0,1,2,3,2,1,3,2,0,7,7,6,1,3,2,1,2,0,4,Male,Germany,2,4,0,0
2020-04-08 10:53:49,,Portuguese,0,0,0,0,1,0,3,-1,-1,1,0,1,-1,-1,1,1,0,0,2,0,4,4,-2,-1,1,3,-3,-3,yes,,,,helpful,,helpful,helpful,yes,,yes,yes,,,helpful,helpful,helpful,yes,,yes,,1,3,4,3,2,3,2,2,2,0,2,2,0,0,0,1,2,0,1,1,3,3,1,2,2,4,-1,8,8,5,1,13,0,0,4,2,6,Female,Brazil,3,3,0,1
2020-04-08 12:10:50,,Portuguese,0,0,0,0,0,1,2,0,-1,1,-1,-1,-1,0,1,1,0,2,2,3,3,3,1,1,2,2,2,2,yes,,,,yes,yes,helpful,,yes,helpful,,helpful,,,,,helpful,yes,,helpful,yes,1,4,4,4,4,4,4,4,4,4,4,3,0,1,1,0,1,1,2,3,1,1,1,1,1,1,2,7,9,9,1,28,1,1,4,2,7,Male,Brazil,3,2,0,0
2020-04-08 12:24:02,,Portuguese,0,0,0,0,0,1,3,1,1,1,1,-1,1,1,0,1,,2,1,0,4,0,2,-1,2,2,2,2,,helpful,,,,yes,,,yes,,yes,,,,,,,yes,yes,yes,,1,2,1,2,1,3,3,4,2,4,3,2,1,0,1,2,2,1,0,2,1,,1,2,2,2,0,7,5,5,0,,,0,2,0,3,Male,Brazil,2,3,0,0
2020-04-08 12:59:56,,Portuguese,0,0,0,0,0,1,2,1,1,1,1,0,-1,1,1,0,1,4,2,2,4,4,1,2,-1,1,1,1,yes,,,,,,,,,,,,,,,,,helpful,,,,helpful,4,4,4,4,3,2,2,3,1,3,1,2,2,0,2,2,0,2,2,2,2,2,2,3,0,2,8,5,3,1,8,1,1,2,0,3,Male,Brazil,2,4,0,0
2020-04-08 13:47:57,,Portuguese,0,0,0,0,1,0,2,0,-1,1,0,0,-1,1,1,1,0,3,2,2,4,3,2,2,3,3,-1,-1,,,yes,,,,,,yes,yes,,yes,yes,,,,,yes,yes,,,,4,4,4,4,4,4,4,4,4,4,4,1,1,2,1,1,1,2,3,1,1,1,1,1,1,2,9,9,10,1,14,9,1,4,0,3,Male,Brazil,3,2,0,1
2020-04-08 14:38:29,,Portuguese,0,0,0,0,1,0,3,-1,-1,1,1,-1,0,-1,-1,1,1,4,2,4,4,4,-1,-1,3,3,-3,1,both,helpful,,helpful,both,,both,both,both,,both,,,,,,both,both,,,,,3,3,3,3,3,1,2,5,5,5,2,2,2,1,2,2,1,0,2,2,1,1,1,1,2,0,5,9,10,1,6,2,0,2,0,3,Male,Brazil,2,3,0,1
2020-04-08 15:58:34,,Portuguese,0,0,0,0,1,0,2,-1,-1,-1,-1,-1,-1,-1,1,1,0,4,0,2,4,4,-1,1,1,3,3,3,both,,,,both,both,,both,both,,both,,,,,,both,both,,,,,4,4,3,2,3,3,4,2,2,2,2,1,1,1,2,2,1,1,2,1,2,1,1,2,1,1,7,8,8,0,11,5,1,3,0,5,Male,Spain,4,2,0,1
2020-04-08 16:44:30,,Portuguese,0,0,0,0,1,0,2,1,-1,1,-1,-1,-1,-1,1,1,0,4,2,4,4,2,3,3,3,3,3,3,,helpful,yes,,yes,yes,,,yes,,yes,,helpful,,helpful,,helpful,yes,,,,1,5,5,5,5,5,1,2,1,5,4,2,1,1,0,0,1,1,0,2,0,0,0,0,0,0,1,10,10,10,1,12,2,1,1,0,5,Female,Brazil,4,4,0,1
2020-04-08 17:54:57,,Portuguese,0,0,0,0,0,1,2,-1,1,1,0,-1,-1,-1,1,1,0,3,2,2,2,4,-2,2,-1,2,1,1,yes,yes,yes,helpful,yes,yes,yes,yes,yes,,yes,yes,helpful,helpful,,yes,helpful,helpful,yes,yes,yes,1,3,3,4,2,4,3,3,3,3,3,3,1,0,1,1,1,1,2,2,1,1,2,1,2,2,0,7,9,7,1,2,0,1,5,0,3,Male,Brazil,2,3,0,1
2020-04-08 18:34:50,,Portuguese,0,0,0,0,0,1,3,1,0,1,0,-1,1,1,1,1,0,2,1,2,0,4,3,3,1,3,3,3,yes,helpful,yes,helpful,yes,yes,yes,yes,yes,helpful,yes,yes,helpful,helpful,yes,yes,helpful,yes,yes,yes,helpful,1,4,3,4,4,4,1,2,1,2,2,3,1,2,3,1,3,2,2,2,1,2,2,1,2,3,1,7,8,8,1,1,0,1,2,0,2,Male,Brazil,2,3,0,1
2020-04-08 23:14:48,,Portuguese,0,0,0,0,1,0,3,1,1,1,0,-1,-1,0,-1,0,,2,2,0,3,3,3,3,3,3,2,1,yes,,,,helpful,helpful,helpful,,yes,,yes,yes,yes,,,,,yes,,helpful,helpful,1,2,2,2,2,2,3,3,3,3,3,,2,0,1,2,1,1,-2,0,2,0,0,2,0,0,-1,7,3,3,1,1,0,0,3,0,2,Male,Brazil,1,2,1,0
2020-04-09 00:31:28,,Portuguese,0,0,0,0,0,1,3,1,1,1,0,0,0,0,1,1,2,4,4,1,4,4,-1,1,2,3,2,1,both,helpful,helpful,,both,both,both,helpful,yes,helpful,both,yes,,helpful,helpful,both,helpful,both,both,both,both,both,3,4,3,4,3,1,1,4,4,2,2,1,1,1,1,1,0,3,3,1,2,2,2,2,2,3,5,7,9,1,7,0,1,4,1,3,Male,Brazil,2,3,0,1
2020-04-09 02:07:33,,Portuguese,0,0,0,0,1,0,2,1,1,1,1,-1,1,-1,0,1,0,4,0,4,4,4,2,2,-2,2,2,1,yes,yes,,helpful,yes,yes,yes,yes,yes,,yes,helpful,,helpful,helpful,yes,,yes,,yes,,1,3,2,3,5,5,3,2,3,4,3,3,2,1,2,2,2,0,1,2,2,1,2,1,2,0,1,8,9,8,1,2,0,1,4,0,3,Female,Brazil,2,3,0,1
2020-04-09 12:45:50,,Portuguese,0,0,0,0,0,1,2,0,-1,1,1,0,-1,-1,1,1,1,1,1,3,1,3,-1,2,-1,2,2,1,yes,,,,yes,yes,yes,yes,yes,,yes,,helpful,,,,,yes,,yes,helpful,1,3,3,2,3,4,2,2,1,2,2,2,1,1,1,1,1,0,1,2,2,2,2,2,3,2,-1,7,8,6,1,10,2,1,2,0,4,Female,Brazil,2,2,0,1
2020-04-09 12:52:09,,Portuguese,0,0,0,0,1,0,2,1,1,1,1,-1,-1,0,1,1,0,4,3,4,3,4,-2,1,-2,-1,-2,-2,,,,,,,,,,,,,,,,,,,,,,,3,3,3,3,3,3,3,3,3,3,2,1,0,1,2,1,2,0,,,,,,,,,10,9,9,0,1,0,0,5,0,3,Male,Brazil,3,3,0,0
2020-04-10 12:29:03,,Portuguese,0,0,0,0,1,0,2,1,1,1,0,-1,-1,-1,1,1,,2,-99,-99,4,4,-1,2,3,3,-1,-1,yes,,helpful,helpful,yes,yes,,,yes,,yes,,yes,,,,,yes,,helpful,,1,4,4,4,4,3,4,4,4,4,2,2,1,1,1,1,2,0,1,2,0,2,0,0,4,0,1,6,9,9,0,13,3,1,3,1,4,Male,Brazil,3,5,0,1
2020-04-10 14:39:25,,Portuguese,0,0,0,0,0,1,2,0,0,1,-1,-1,0,-1,1,1,0,3,2,2,3,4,2,2,1,2,2,3,both,helpful,,helpful,both,both,both,both,both,,both,both,both,,,both,both,both,both,both,helpful,both,3,3,3,2,3,2,3,1,3,2,3,1,1,2,1,2,1,2,3,1,2,1,1,1,1,2,7,8,8,1,11,0,1,3,0,3,Male,Brazil,2,4,0,0
2020-04-11 10:58:16,,Portuguese,0,0,0,0,1,0,2,-1,0,1,0,-1,-1,-1,1,1,,4,2,4,4,4,3,2,3,2,-1,-2,yes,yes,yes,,yes,yes,yes,yes,yes,,yes,yes,,,,,yes,yes,yes,yes,yes,1,5,5,5,5,4,5,4,5,5,4,4,0,1,0,1,1,0,1,3,1,1,1,0,1,1,2,8,8,9,1,8,0,1,4,0,5,NB,Ireland,2,3,0,1
2020-04-12 15:24:23,,Portuguese,0,0,0,0,0,1,2,1,0,1,-1,-1,-1,-1,1,0,,0,0,3,4,4,2,1,2,1,1,1,yes,helpful,yes,yes,helpful,helpful,yes,yes,yes,,yes,yes,,,helpful,,helpful,yes,yes,yes,yes,1,3,4,3,3,3,4,4,4,4,4,3,1,1,3,0,1,2,0,2,2,1,1,2,2,1,0,7,8,7,1,8,0,1,2,0,4,Male,Brazil,2,3,0,0
2020-04-13 13:20:42,,Portuguese,0,0,0,0,0,1,2,-1,-1,1,-1,-1,-1,1,1,1,,2,0,0,3,3,-1,2,-1,2,-2,-2,,,,,yes,yes,,,yes,,yes,,,,,,,yes,,yes,,,1,1,4,1,4,2,3,1,1,3,2,2,2,2,2,2,1,0,3,1,2,2,2,2,2,0,7,7,8,0,12,,1,4,2,6,Male,Brazil,2,3,2,0
2020-04-13 13:32:58,,Portuguese,0,0,0,0,0,1,2,1,1,1,0,0,-1,1,0,1,0,2,3,1,4,4,-3,-2,-3,-1,-3,-3,both,helpful,helpful,helpful,helpful,both,helpful,helpful,both,,both,helpful,yes,helpful,helpful,both,both,both,helpful,helpful,helpful,both,4,3,3,4,3,2,1,1,1,1,2,2,2,2,2,3,0,0,2,2,3,3,3,3,2,1,7,6,5,1,8,0,1,3,1,4,Male,Brazil,2,4,0,1
2020-04-14 15:23:59,,Portuguese,0,0,0,0,1,0,3,,,1,,1,,0,1,1,0,0,0,1,4,4,1,2,2,-2,1,1,yes,yes,helpful,helpful,helpful,yes,yes,helpful,helpful,helpful,helpful,helpful,helpful,helpful,helpful,helpful,helpful,yes,helpful,yes,yes,1,4,5,5,1,4,3,4,3,5,4,4,1,2,3,0,3,0,0,1,1,3,2,3,2,4,0,7,5,6,1,20,0,1,5,0,8,Male,Brazil,2,3,0,1
